X1,X2,X3,Y1
-0.812489220034004,-0.19260033711524394,0.27340225743007274,0.38789201625699077
0.157785559689198,0.2930365682929866,0.1050141474831498,0.4081498859406269
-0.3886057974163638,0.16467881267528522,0.006322729764738411,0.03648835145406684
-0.3425787040923252,-0.21409543045141705,-0.38797849748722113,0.27547335295854614
-0.7128297384350503,0.33907409171218034,-0.11771390221531272,-0.01567672123355643
-0.5655094789490803,0.2117206672641742,0.11470003704985221,0.12045483920875902
-0.5804694588432321,-0.3036264050456815,-0.32742254856223163,0.11490430800397586
-0.04095373092771948,0.21593789387855564,-0.34666376795498144,0.33086365138868956
-0.4538839731690498,0.4822299349396548,-0.4340513139472833,0.07157762471428983
-0.3644823606178239,0.3008759916657944,-0.19269549160753704,0.07853666860885447
-0.5614706162864863,0.3523599685809962,-0.16775959339253768,0.43534615303881213
-0.7045234484275222,-0.22652202846835032,0.44892652209656597,0.17628022519947512
-0.41568047361135285,0.09245379458337663,0.026771897318280655,0.27443215642450425
-0.9093072114998743,0.06432222327698443,-0.2758783242123436,0.1546980447973067
-0.2806730186418456,-0.056934625527439164,0.025475308153524917,0.16814579565653837
-0.40951350675329096,0.40111423892800135,0.3421649072346619,0.3144931070443526
-0.41137616628854445,0.4782749742813686,0.4404779147339185,0.18423351846006733
-0.6393352539481929,0.5442126393778322,0.11863922816726345,-0.08235923448581095
-0.016894596422337593,0.41367290973811394,-0.3070043085654999,0.5700099672477286
-0.25070348091330114,0.26339026621793477,0.17025491096781242,0.2950381040531834
-0.3681009550908598,0.2522779444008427,0.5846530220075795,0.30372076202438275
-0.7166885350257892,0.26689268810780153,-0.17198038448113617,0.43947458535522044
-0.5448841254638122,0.13060113876486884,-0.1515115307690738,0.5556650359775999
-0.9915487660830717,0.17210538352048596,-0.29878546497543634,0.1476059724880622
-0.7480398253484555,0.26435066142749414,-0.3159883870474428,0.4617906298718661
-0.43968656348229374,0.09835783018888788,-0.3583265907913921,0.38777376638168837
-0.36538878392621327,0.0072468495347216555,-0.06022674297208569,0.08406091936619389
0.06303480797629252,0.0611037884798316,0.03643876051078583,0.02045013285177169
-0.5780713308380032,0.42258322119981595,-0.5037189275734236,-0.1743065428041659
-0.6201337721096517,0.1801648737333802,0.5946399428081492,0.3787569437825956
-0.5274366165602299,0.09314731415625865,-0.1986981006628782,0.4609975003290589
-0.6922625930232902,0.32313895126957115,-0.6700045620660748,0.40904034658788424
-0.8106255719436908,0.06710647238699553,0.7404594396758615,0.2091513869008739
-0.5036709154710384,0.13159457000323688,-0.06715082042278608,0.16314329770741373
-0.6634765642957454,0.23342559238197208,-0.41582377964410344,0.2065376246572561
-0.44206027387498953,-0.16960750296754082,0.2662479665790442,0.3293542151055184
-0.4762153445645615,0.4723899676352489,0.21363653458791756,0.48570564636499813
-0.3511493522935437,-0.030499516632258097,0.061884864221402935,0.46723966650652093
-0.37333273743000883,-0.2750667593892322,0.06182057957814441,0.4516185991805443
-0.523545002346564,-0.12270539704311939,-0.1757476799670912,0.4173149641423052
-0.2402214356014519,-0.11686042232616087,0.4564822121433858,0.5334593089743
-0.27160870457948505,0.1331257644568276,0.3464479785912498,0.14625954132467994
-0.5569716907084493,0.058001269189545845,-0.62100066338721,-0.10734830319173144
-0.601890277973269,0.10640272752098846,-0.16421637619467444,0.02030237445779509
-0.41046039252872646,0.2865344335280303,-0.39344227519488967,0.19849808824161616
-0.7892146117141488,0.29636733342558896,-0.22709233484914512,0.07126990058293475
-0.7196127366289116,0.17167371766933417,-0.21709314610670627,0.12148874045563784
-1.3551419768428392,0.21147857756343388,-0.23483942208014644,0.5880968904659107
-0.3505376105252802,0.09579464645442316,-0.9341001780971404,0.30905207020597325
-0.4192675770818047,-0.26510341351227673,-0.2930491372983587,0.5220089471096907
-0.32611557130495006,0.09659949999213964,-0.41771647314223825,0.38173249682258426
-0.3347474125525458,-0.3310470939161617,-0.006540273844470201,0.2860681927244576
-0.43629094124869705,0.1769099665873545,-0.5444769994977943,0.29545557777480014
-0.4847737302507269,0.2161061235545235,-0.19815274996282276,0.1338714640405758
-0.7759639781718225,0.43064195643921926,-0.3363000015701506,0.3247102344006303
-0.855918888824386,0.4171537268874627,0.2856034910065052,0.13427787181496936
-0.4773127696426819,0.0472142343224132,0.49269321033011615,0.6229751409618265
-0.5018891655711429,-0.07355304792210442,-0.26700243934355933,0.1167796454641532
-0.43949221509461345,0.29207511557064614,0.6115154323056515,0.09001517214638141
-0.3851750890768725,-0.08965736292303304,-0.11165931578671467,0.3632463979181487
-0.4017249081461394,0.17099868048627057,0.44006567528706897,0.2961003617451341
-0.4905626568759063,0.3375864805684534,-0.14261054938895235,0.18589566534602375
-0.5192228957578418,0.005973783775002683,0.4898723671656481,0.31451407335303605
-0.5816184122449601,0.25441479823727475,0.5696287451870639,0.04069216510994189
-1.0849056770499117,0.1936628451777751,-0.24238460250805444,0.38170283723390774
-0.5444329641983146,-0.2308973753014467,-0.6827189842801653,0.27459765712414297
-0.6067483659334563,0.4532282284613728,-0.39871622841496546,0.1380852073251232
-0.60635040948068,0.34177735813526233,0.33543989272274277,0.0714321565262343
-0.3003037936560481,0.07472770997430905,0.45723979699480877,0.1712756425645072
-0.6467395059865271,-0.09241659720479059,-0.24521775303790305,0.08077133562569042
-0.8927278747846353,-0.0945619551356785,0.06903643567904555,0.2566164564251587
-0.5781895114309016,-0.12006249585989134,0.5639495188325787,0.16331677073376805
-0.5649376170443859,0.16050795315862226,0.016055468858988287,0.08112569790869328
-0.43312426261950576,-0.13957374697656824,-0.0988542148875472,0.28191795370238676
-0.43086119479314117,0.2707890750936956,1.0363705440572066,-0.017960872999577382
-0.36445738757872154,-0.3374694280312084,0.13910852439754398,0.3565109405038326
-0.3384624213734996,0.08512341724978315,-0.25871202025100803,0.4748028993458728
-0.5384750811454195,0.23378431579991965,-0.4409149990425666,0.147058379909004
-0.327570688777356,0.8167720648498545,-0.6227248992590307,0.5138422730526693
-0.8529817450422722,-0.10629049381484001,0.18498217073510673,-0.03980877492580637
-1.0782748389455916,0.3917005394840901,0.07031240366524943,0.06203252436852513
-0.8966231675656375,0.008909365548167902,-0.026687469563246524,0.5504549004970831
-0.36543050525754006,0.13911791113903782,0.5037743465224862,0.5179837208620368
-0.5230414495542899,0.11224190304799882,-0.3445475226504298,0.4205813467071766
-0.7279978991503022,0.2883409871639216,-0.28827716037494305,-0.02272528519100464
-0.534737038733206,0.07460052766573273,0.049982131026049856,0.48488202442240336
-0.7323571413604965,0.4859142748220542,-0.3167703153489313,0.17058154944545503
-0.47263598290003944,-0.00040975173386878505,0.25193718935146336,0.1926585690837243
-0.5038271953151858,0.38688116160761743,0.0912445240045916,0.02956765418433771
-0.6078388968674522,-0.05561814530974821,0.49649968930511557,0.5483294568455529
-0.571693088878795,0.0076628183944248435,0.2645596791486892,0.007920903475521601
-0.42235608657897566,-0.20951216067403977,-0.03064257693799638,0.4674915139083249
-0.5064930076444284,0.26747943604077956,-0.3962080673240394,0.29864183460054755
-0.8787503763955683,0.5591058199357921,-0.4921106523891906,0.39807147503859297
-0.8740060347365146,0.08469190806519826,-0.40480894470827156,0.5017218819881476
0.016735488487614247,0.04549562869459136,-0.2954623834198225,0.5866618661512839
-0.15058489929062663,0.009947373433112361,-0.47412859874668145,-0.10975015914971835
-0.3812772198253578,0.22274984787334878,0.03822432112689894,-0.16277917253633206
-0.6489214363820072,-0.26271094614675894,-0.18787310430788132,0.2622578640258137
0.1240911882444139,-0.11779266757511182,-0.8479498095068383,0.191404028816099
-0.2963967029138362,0.44149130684202986,0.10128350565631555,-0.14748001825826396
-0.45032067778613305,0.5016035732879599,0.32039125339079455,-0.019040359849686772
-0.596396134527898,0.8156072004600108,0.018577953535077782,0.12332955009387203
-0.7552024179743145,-0.0522267845002147,0.03866346247307206,-0.002419924996005518
-0.7999167888762706,0.42868952930665405,0.34856128738107484,0.037787392829800315
-0.23497626957265833,0.061884563496530515,0.5305929897410715,0.593962693339162
-0.5112338722890285,0.07040736123803439,-0.012734960091121739,0.05075365714366828
-0.6748676624597271,0.23711049711661508,-0.27896253196987325,0.5395899528611876
-0.6235835815927728,0.1419778761019154,-0.2544335703569811,0.585118191123468
-0.47332414775610987,0.16333603521791226,-0.5809294829005377,0.05590513187793905
-0.7192494851556651,0.10537906552357791,-0.2757316021113287,0.3862226647528285
-0.2516201418826783,-0.24706400126833358,-0.3216201810719189,0.3717311021732678
-0.2896540131597184,-0.16286963258443582,-0.05133278438675015,0.28891687578938097
-0.33533757186218105,0.3545033385459485,0.2360169643369108,-0.08065398544606844
-0.5766734061015415,0.05859189230692838,0.5641467804667866,-0.0026551413378255173
-0.4334908829726075,-0.13368307153963577,-0.17624850492834446,0.008132649837526928
-0.4193818159097172,0.17162524650096608,0.510661362121474,0.281555576664199
-0.44220647446285055,0.2729468685237821,-0.1548706336571255,0.5265348688010815
-0.887209727363607,0.2106537935320874,-0.1565282521648571,0.3252430489670229
-0.5574060712754034,-0.11466837154195848,-0.7296852508339765,0.48415384971944037
-0.9558579489877574,0.5189170587110654,0.7504552089294265,0.5884147215213916
-0.5807408377002119,0.3072722531501677,-0.1031104764841965,0.5020061752361815
-0.6217073953763835,0.24996515129517194,-0.2334048557423291,-0.028683729985382045
-0.7756669873214599,0.38385862247077296,-0.252665444388466,0.50569164588758
-0.8675558907589334,0.4184261822087716,0.5620659206594539,0.240268405565849
-0.5210502467125713,0.24173565735724697,0.2227125665704821,0.05104299299772502
-0.7410307581252891,0.24546733110291857,-0.24243518559815141,0.25187596247558675
-0.14819942956835175,0.25887819363095665,0.2779023208954887,0.5859609062296045
-0.49433734949974817,0.304076506725547,-0.2933315605935425,-0.015446553475733565
-0.6110751582146987,-0.11135572512968947,-0.006720362977348293,0.23657755645800987
-0.420263932459216,0.281034133158668,0.4062188456668332,0.0659846794508884
-1.1499929409311118,-0.26753360434886303,0.19744609010390451,-0.054627782729851665
0.06592473846186764,-0.27799963755198565,-0.17163202577111286,0.1756141797897468
-0.4363036496956013,0.6284808490776007,-0.09896161036138879,0.20677653824015052
-0.4325031294776188,0.37418996925301407,-0.3486737930047516,0.4412857369759292
-0.9102597923930399,0.5808964450943694,0.49139746196277423,0.004029383528594638
-0.5953304181213357,-0.12047041698972503,-0.45928630760990546,0.23934513397868581
-0.46235228413494744,-0.1262813043262899,0.35251779366982167,0.09197968192875522
-0.0414817011214898,0.01889235107274833,0.3519950968831171,-0.06234863967089718
-0.45379932597692946,0.210860455290893,0.05710411349292119,0.13854083067998918
-0.5315192098507697,0.14901173086820238,-0.05278672555094957,0.34783808448517217
-0.634286378255054,0.4196297660782183,-0.2683024714630995,0.33638794079575907
-0.6417147795580189,0.04083867393920851,0.30397079321777914,0.2129726797635415
-0.48038528467668257,0.1355766166742735,-0.3255521760645151,0.3200320487591555
-0.5325567047176673,-0.07486053739288698,-0.39744282216905036,-0.01349754306931708
-1.0940672975025463,0.2955800237012943,0.3448048509688855,0.044000552006204785
-0.3255185850917103,-0.07630961738153477,0.215472504394078,0.6927054504467491
-0.15320054013115714,-0.05821676113765628,0.9318792129704419,0.35105073366821044
-0.7239551040216956,0.006934848436930902,0.1849977129671364,0.41586723908346185
-0.4596388718309216,-0.005023331218919458,0.1733279379456923,0.567631297401512
-0.7849993382117251,0.03940809906023984,0.40224289368767574,0.3207759001300913
-0.4042604346525316,0.4524241798039819,-0.08059607974138713,0.5982944435998299
-0.6807143020718252,0.13643661858048103,0.7785208689275832,0.15314273180667598
-0.4300838451718082,-0.10106533134793735,-0.5144877588588719,-0.0009844892723251952
-0.3414787404123596,-0.3259911421930515,0.445569754778565,-0.03737360003076906
-0.26632483888460823,-0.1348430103035148,-0.6253721370270637,-0.04527554724739341
-0.7622320949324061,0.19715566085956665,0.20978862297924264,-0.0600326515311258
-0.16206219619538953,-0.14799247601495102,-0.2439424879485147,0.22760131649450377
-0.6082408590597032,0.6038449925591869,0.4814824449970202,0.2639210084031448
-1.1116342795756928,-0.017206259001867945,-0.33205968698642785,0.46086592569162005
-0.4547530217518078,0.35451829523202033,0.5089865047872278,0.4871293001823111
-0.6071401799193107,0.07486492253421123,0.3248117963730686,0.013485655757951048
-0.2801320591428462,0.05943225082977297,-0.3595758354499703,0.4302888736442868
-0.301021202197609,0.2122720309449871,0.5033637607122519,0.09040272821867051
-0.6117689524038964,0.0984845176801601,-0.1458486411101732,-0.1163393285451389
-0.028157857664597163,0.5655794256326785,-0.5431474216445403,0.13204396080379938
-0.6951452708780945,-0.28261152761903174,-0.5375486766125337,0.009762473558360713
-0.4221464540036692,-0.3644832665587638,-0.5985533824352,0.1761148502881657
-0.5465441571473831,0.08440979980533336,-0.11956817508943654,0.4321952901595153
-0.08657406798117295,0.13672331270417643,-0.40469614912270624,0.40957611208145134
-0.7284956840824519,0.4681866605414106,-0.3821802782091509,0.2468724306371037
-1.0497785017660262,0.2510301712693991,0.07381390056230414,0.09286012859651724
-0.5559163162985028,-0.12060517779537178,0.13150262059492865,0.5958115107266063
0.3762665019980768,0.3556690862708294,0.11402563466316751,0.366264560934812
-0.24252076985104093,0.5900477963681121,0.06946813914417727,-0.2168498678343974
-0.45442341359167115,0.2261482586718622,-0.34665244330995815,0.25188913431906396
-0.21989259901816438,0.43947548844757667,-0.028435417636138632,0.2226166352349045
-0.2549260330609759,0.2696616559015329,0.30905241745405954,0.11267353119471737
-0.5239842138181687,-0.006556498263685928,-0.17475176329267395,-0.07295502446672261
-0.5715580387726695,0.3274810911820195,0.30722519884902977,0.2553462889124044
-0.38575772970231503,0.08985053089288031,0.09397556800536686,0.01520538596263718
-0.42004490473709005,0.13996198392363485,-0.4647246409972091,-0.005812914095512267
-0.5655000470390246,0.5961958883817613,-0.6633712327810086,0.00031183738588608234
-0.9253525780663451,-0.4392736940846928,-0.07076850520832806,0.5680062361327066
-0.2631304625575675,-0.33421333184783947,0.12175258240558905,0.22885037031997205
-0.5472108026059838,-0.1416024243754978,-0.25524251216550353,0.0767519197890986
-0.041839321800607954,0.059690012961407274,0.6081581188428167,0.1447420847572872
-0.6380141048468952,0.07915872326389949,0.530627988152115,0.3594749089768616
-0.7762612438220272,-0.37928980049900773,-0.7373442103565446,0.3290759923143963
-0.1935384395388727,-0.10623277984101914,-0.5133903691460208,0.614295550386544
-0.697227897577779,0.05184861861505177,0.19524675380983955,0.03894721454409886
-0.6955768063035158,0.6832405343454451,-0.39160387982815514,0.059947250630912635
-0.5648709562254082,0.6042294211904506,-0.5128330054511538,0.34351959593472015
-0.31833759540462914,0.07682341152814354,-0.494237631536063,0.17969955430953635
-0.6820032189529348,0.14837445199556648,-0.599136239287466,0.3885041812216127
-0.6041401410447496,-0.13608576546852055,-0.32631541205507597,0.5529623799332399
-0.2941819731144517,-0.3429589620928486,0.3118582834770881,0.2599137449309435
0.15705760887223824,0.0983781336395346,-0.279964587664097,0.4745939169903459
-0.4992895714405987,0.07221101288308163,-0.22137314447152617,0.07704609076886183
-0.743251358601654,0.13826150298253248,-0.10365435844848986,0.09638062504924216
-1.2215349333657741,-0.3316733288854243,-0.5137154532735703,0.30023077048329544
-0.5743325259351815,-0.1889423890633766,0.14067048810043842,0.18630073959967774
-0.7118443936503804,0.12459716644580743,0.1403219044011583,0.4511040135660136
-0.41688443739282305,0.1471779107854217,-0.8948092415107376,0.05475583159529923
-0.7905074157142753,0.3655414527566421,-0.6772492058831414,0.13422387262721694
-0.5470669349616425,-0.2010568161303264,-0.09533790669900688,0.3945390225427152
-0.3453546005480113,0.35018743504147354,0.021145431586123822,-0.03695244592204214
-0.5114077688224721,-0.04625891127849538,0.3112143889530985,-0.07265520419156257
-0.6555913834458591,0.2390859550905826,0.1671019842112319,0.36873086632363683
-0.33890946985090076,0.05939418886998315,0.4049383882097842,0.019863167859080655
-0.37981909241584483,-0.252689581368182,-0.060971228963385,0.18215579813360144
-0.30412580890927277,0.08309620346637436,-0.051209158677071764,0.09757145649691742
-0.7639419227902629,0.2764685827111947,-0.5483601448262174,0.005940517594145822
-0.8115932912900392,0.2957278606623608,-0.18953365141653447,0.14428373150043672
-0.15099217388739727,0.04219174851372255,0.17518428324861607,0.4960153160665658
-0.5348098628512082,0.5809713961226651,-0.07518109852793071,0.4157784872008209
-0.6912620897163905,0.3896282968646861,-0.8777920768188461,0.02039458858250609
-0.5587290133165201,0.12109614804951672,0.30752796052307546,0.6220113001648574
-0.4251845432695566,0.2583688299294236,-0.3988489788425526,0.3197847869206491
-0.04620635168894127,0.7058683591672484,-0.07802086667753053,0.31539042098723524
-0.7245044725950014,0.7564916735085208,-0.3346747487859761,0.22764800399652
-0.24471319056131685,-0.195295161046268,-0.0036484770050740356,0.4411528075691816
-1.0435797917678618,-0.05042028588889261,0.00015406206391754829,0.35791396976287415
-0.44837900176370665,0.37618912694418855,0.3258420999109904,0.3900506626942422
-0.489356163961716,-0.1851227317207933,0.521480623923132,0.24854092078494155
-0.7562620271497008,-0.29359881427819257,0.38118884894907135,0.1348193137889535
-0.6797531553844416,-0.12122278174195461,-0.4568152502086509,0.07610859702250167
-0.4936842288584968,0.25954592489826217,0.21513668349609982,0.41011238594785726
0.008095523563423801,0.06801919084082378,0.09915751857673691,-0.051812949418751086
-0.4513332789670914,0.06721678327042191,-0.08370299163461128,-0.05543021861408834
-0.09256374729438599,-0.023568436648151697,-0.3539505425800905,-0.03370119508722952
-0.28948877309372356,0.09616149457945275,0.4137633575865779,-0.06895280827381889
-0.5126339533090758,-0.11339233694981667,-0.09134186774209546,0.26816919599333117
-0.2917221763999782,0.7271204941377925,0.6863978385182816,0.3176950478496162
-1.2825464082620437,0.14861219286773347,0.45474003268815166,0.13941619046551484
-0.8127244578370831,0.07740986979250464,-0.6409134183633163,0.22762923259327805
-0.281031548158323,0.005768105412628011,-0.2791258610369286,0.31689948166967746
-0.30253250782252433,0.17455672875213035,0.0716082991797276,0.084710193716374
-0.6665426257750839,-0.021087841800365853,-0.4021961200429763,0.3152048096527743
-0.4645411862654924,-0.5389496593747534,0.026085591208383607,0.3495688836389676
-0.33269475089839834,-0.2257265954761391,-0.04053100950474303,0.2204964248046179
-0.17350616149467007,-0.2950262708618907,-0.08773445191927481,0.17621737026984818
-0.379835188998916,-0.3622936666175728,-0.5840788695868315,0.4257507357446255
-0.4516858790594991,-0.07500588162695176,-0.3479245250892245,0.3839074986990403
-0.524968316749613,0.534055261674258,0.1443205817430002,0.2302576553988762
-0.61318236238605,0.08621499922005546,-0.5287136251730733,0.23380032938361675
-0.42502259808714216,0.5065000051370698,-0.25430103547978233,-0.003644398151351369
-0.3109834371242834,0.2898034149339994,-0.06855313107939501,0.49446327003487417
-0.5547342871589466,0.385362692082214,0.2896641415627418,0.06440119556314744
-0.693384164382905,-0.1649594497119169,0.9313582255398465,0.10695942865667815
-0.599550788909441,0.07094986008494425,0.2651290255159243,0.6270884840193247
-0.35927544376196546,0.24932719889338262,-0.12923669945290708,0.40841282684588753
-0.3277274525072622,0.03126115527884368,-0.35127720715931265,-0.09070004201970988
-0.7979485663969481,0.367013629684681,-0.40115399840534943,-0.07826982413629263
-0.9523216085086599,0.2609798659633164,0.7760395813881378,0.04422576508437304
-0.4882567237016276,-0.24641264275943592,-0.24988163367377084,0.45265738806115025
-0.6804604078387442,-0.12311821963041752,-0.48668226399388315,-0.02956729737158903
-0.24898241715690855,-0.1533302293627377,0.32053244050924556,0.5795896280357268
-0.5476415425673148,0.16074751875326299,0.21644318362461662,0.43964122037880704
-0.7598644987995039,0.16564503682086756,-0.6385299202853584,0.28397609577756106
-0.14401745829145207,-0.05992946106294128,-0.4743660128447851,0.41500591063209585
-0.690557191979563,0.29056561871487896,0.6481612125027343,0.0166867124301536
-0.6479489785953003,0.1272134101413842,-0.06959867986907614,0.03662360131016762
-0.740510637815263,0.26029805669829675,-0.7747295096563969,0.42707131070185184
-0.8223576865265436,0.5616305084262538,0.23537145985755734,0.09614232394733788
-1.217576514394933,0.3410262941518176,-0.21518313709451914,0.08047860782184596
-0.9840946720721235,-0.2898040951272328,0.1625784370202907,0.3384719134508546
-0.636823808850306,0.41768643360419433,-0.785306232446612,0.08218107486116771
-1.0058375421884678,0.04913525374363509,0.10308057952160538,0.27249459038139495
-0.4502030258373315,0.2562825747163471,-0.16971535612247945,0.520757866645785
-0.4396403809257493,0.18190461696338195,0.27274817739229684,0.4091661835223081
-0.5629613796681582,-0.00768971973675131,-0.6294260240629244,0.28890386197834306
-0.5700475099146498,-0.27487912653137103,0.11304207175083306,0.498417758570054
-0.42788169289758365,0.04707363332462309,-0.15068500266187257,0.20139105576688554
-0.21330922382904272,-0.23647788577463524,-0.7689152591593225,0.43086625176588444
-0.19509915136202938,0.5393821454890275,0.10485824036636249,0.18855397504579602
-1.0695926003126615,0.5770759832675383,-0.5731733496202698,-0.02660732998923529
-0.791453634114083,-0.14453618951540254,-0.2969115671040012,0.7090671738825998
-0.603305298867018,0.17821224958914,0.3363960183616954,0.19170078771753288
-0.6533544420428661,-0.13866643725782313,-0.08354860995622282,-0.020479178138283982
-0.42452855860265715,-0.06135118792089658,0.43495841490712983,0.11996004329598056
-0.5062572804229315,0.2780306619012629,-0.29351074385139686,0.13993526749201743
-0.9957494657056934,0.15961600243218343,-0.12547495638180733,0.15282324878556008
-0.5692033704486517,0.4735926683441935,-0.3674443162664281,0.3991846036805613
-0.5601278946422189,0.04076083747735565,0.012037577326365054,0.5076564775216741
-0.8066831437154376,0.3678963321207118,0.011912277825092243,0.12490605284857209
-0.3306509138515139,0.07410531302519358,0.5686044517669033,0.3418962064561602
-0.9468858692440231,0.2860407583524886,-0.1100740273166308,0.09805074728303784
-0.1565366584613994,-0.08242134158992048,0.0636899863981694,0.5691463750516539
-0.7887051930912031,0.18771389564022847,-0.12410662938012768,-0.08000914781192986
-0.2844068776075253,0.04434839758950131,-0.46018208742875133,0.07393101648949649
-0.16290779436798614,0.03189113038525884,-0.022368920018314545,0.18992843741303367
0.15101458705051912,0.38344850740388603,-0.35297816777985,0.2405241021845616
-0.3680669283644855,0.5082471821559692,0.5255100478414674,0.23429474320897117
-0.41296059379218897,0.23117200288625223,0.12093176738581568,0.2638997313973854
-0.4575092793117352,0.5263488153008471,-0.12823322642262655,0.38303026144418045
-0.4167849559787369,0.5310399192544273,-1.0083633092555386,0.15423626220386158
-0.8425638911764849,0.17880258663250567,-0.562068113132705,-0.03116811292948174
-0.4997025798791518,0.21542067878999183,0.12794119804919257,0.12356483898323184
-0.5157415938669333,-0.05487355481438244,-0.3785386520102504,-0.04880719561027738
-0.2202766027116403,0.18636395396776895,-0.20573360991785145,0.14667488348236096
-0.5314898093680286,0.07115891077368158,-0.021419082075785523,0.15103761079664785
-0.5466031428754443,0.540626654705101,-0.2536920791826553,0.15535457997722382
-0.5170752732994665,0.24763671216143343,0.020870167465764977,0.29314937797842383
-0.6531363870962794,0.062221636450009034,-0.0052574367386263865,0.22944182664350732
-0.7471912880321387,0.3979779676076275,-0.09771325614985503,0.39301774479842855
-0.5647143890483636,-0.48109602923213357,0.4383983636968708,0.4125077393695341
-0.4273634338422632,-0.4782082504444809,0.3490296687775152,0.15212009459497627
-0.5443789228548206,0.29606057988386986,0.7495958882108303,0.1260579585819479
-0.5980379375747289,0.015570987062762786,0.4214191716187143,0.31960027692258147
-0.5461275235112191,0.10197179390634498,-0.395871795147649,0.33533442863255436
-0.5847031058780803,-0.1675586735244317,-0.24716548812644878,0.14799858064682855
-0.5048422249103517,0.1371978084282084,0.48009759405386715,0.1607505818730881
-0.4141745323940111,0.5692786814170554,-0.1006181607403358,0.36933104170965714
-0.6917915987956486,0.37573233939277867,-0.47740205926298557,0.2994943170443426
-0.09649895289803506,0.19336375391839067,0.6682739529612034,0.08483202075630353
-0.16055178697370492,0.008795208085050327,-0.07944108513862985,0.09239117670505675
-0.490580678234145,0.119482077555109,0.7270631881906457,0.37614858915032506
-0.5874549420314745,-0.5341423619037221,-0.5966966916007724,-0.03931685374867577
-0.3664821836651979,0.25083081516433287,0.20808824143671234,0.5090911542011443
-0.28976076341671997,0.34550408932976584,-0.14134606033533342,-0.009695043876244563
-0.4731955174849899,-0.20821026551207314,0.20619231575149946,0.17564250862625827
-0.25488469353944593,-0.07017391308556344,-0.2539765059719926,0.1853429055195676
-0.45451802053785384,-0.07418128541395647,-0.3781152932400585,-0.13823503602012815
-0.4056040466406106,-0.05441320410382097,0.23741416700380252,0.4936933709468282
-0.5809610920514121,0.1265350532265937,0.4095957283641284,0.18467658760341968
-0.3782358051397978,-0.49595364334890435,-0.5381906767430443,0.552954010073839
-0.568780936039913,0.38996195181157456,0.7367379637721851,0.08805727644793099
-0.45566763994654497,0.19090931257497123,0.3578978789714242,0.5019301184886058
-0.2618383571738736,0.016947635145720577,0.0075135859940311245,0.4939857985062759
-0.7499710866101142,-0.4583434231038896,0.07940422429480884,0.19942326569964117
-0.34350525816703104,-0.205277692417176,0.27172123563745354,0.128002807229515
-0.7739591788235407,0.4415753187615033,0.06769009420351149,0.3102473728430506
-0.444016153967899,-0.6701894697148152,0.5719187314284075,0.35085902255837187
-0.7105002909601691,-0.03802192086255024,0.01875000175892524,0.5091758499686745
-0.06397328577156414,-0.23375402982318594,0.3926388651201411,0.2621492702871601
-0.6951716908687187,0.38081331594151835,-0.05655194033182338,-0.03132498320432339
-0.05392042678581249,-0.08782522749559274,0.28611149177120565,0.06816243847239584
-0.2809727035396622,0.29602742673164323,0.468483833608527,0.23130374124361158
-0.49518859980374785,0.25404615599011815,0.7522162355144664,0.47590824248194724
-0.36249560258060065,0.48656127459593385,-0.11516186810302932,-0.042308172984278525
-0.39422177379954226,0.12497079098328562,0.10576210011512094,0.34151744301833686
-0.06029793970580083,0.23299458093205325,-0.0778606997431881,0.4724354325487094
-0.6604397171124883,-0.13821822806555661,0.14623592181259584,-0.16400396868943973
-0.4156433397342183,0.37207592318893273,0.2950710782981891,0.04478333545094362
-0.8821612350458101,-0.09533692790798123,-0.26128828861125014,0.33679250132909966
-0.41054857008283374,-0.0726798528671725,0.4982892052573118,0.44957828542580563
-0.6813439583732034,0.06564377765621222,-0.23212539803092402,-0.04851234223461812
-0.4656865929672906,-0.28708176993502255,0.15179334133307082,0.5033505287094587
-0.3961807800090935,0.17028536184233092,-0.3195456322338658,0.243588281228319
-0.5271101586483548,0.4508496495351709,-0.1238955507886278,0.4675223967611194
-0.5563387376129403,0.2141712017456667,-0.06306375318817761,0.47754374183832465
-0.3714995063584513,-0.28910744433313573,-0.6475597622253104,0.44628423232216774
-0.24492086278223335,0.20905701088777853,-0.3008199909024575,0.2352290983618728
-0.5234660599591919,0.42678762605118437,-0.27155081982702606,0.012067048348636866
-0.5167474612579096,-0.3237765058599098,0.1405974681693764,0.2531383266119897
-0.024608582365739595,-0.17770104312662732,-0.3937745083551312,-0.004656185342056834
-0.7331448373330995,0.5299425321172204,0.8592037377814088,0.20460743712359938
-0.8700773480131347,0.006616108401929485,-0.0037044992131061716,0.09799266810563476
-0.8297715313158176,0.14230868775749592,0.339255089241511,0.3547357898646675
-0.43209499143491353,0.47391603119468795,-0.1949647396851819,0.06567369683001606
-0.6053597858009588,0.2938402525492779,0.44901352088925417,0.09233578773577988
-0.377427300699397,0.201323347336737,0.107075589221075,0.11106356087266175
-0.4351908592798735,0.8408108788549891,-0.8319225041608147,0.27607794718802814
-0.7193358971156358,0.1876801140540957,0.31380010953381754,0.43408900595497363
-0.19834529948998175,-0.18242494267195608,-0.1283335741429677,0.03349600734511954
-0.29841304669878277,0.33043369021283037,-0.14266532510916916,0.3610578291960316
-0.6656129788129516,0.3109696244534135,0.251482915188207,0.39870425025659567
-0.6026404591603751,-0.08952156494354203,0.049388353815440156,0.19344480928565033
-0.5569664235230536,-0.17380830985182233,0.7563302010267412,0.3671886775758383
-0.6790190393732424,0.5932720271817133,0.3489577871612887,0.20977988965150618
-0.8354976288068263,0.11299091727849005,-0.23831465694426343,0.08250016019306222
-0.09166367604695141,-0.109124898197478,-0.22636046554103043,0.3597557834715246
-0.4871971117586913,0.4979443821702993,0.343840520211641,-0.14170900862411323
-0.6274341675108909,0.04808765343343334,-0.01200954912968747,0.4758266997520907
-0.36742933693837104,0.031171334378364612,-0.46065126540697043,0.5386471528882388
-0.4646431730080719,0.3732420030954034,-0.6363221064579443,0.41368679626735577
-0.14035424866191004,-0.11679867745713349,0.4024872962416892,0.2918235370378619
-0.2951792420942821,0.24365182854087147,0.427576935205804,0.17221327967117808
-0.5351959547915566,0.6053894626548939,0.21832727493348256,0.48581115965627825
-0.6512094088067412,0.20440759335177078,-0.0043446403812235634,0.09439965371317391
0.2033445385930025,-0.007743109907002055,0.1296019978616511,0.017200787881909818
-0.36559126316630897,0.1475701062911484,-0.12599953096604613,0.06466279928096766
-0.044444173521404395,0.07223064268300326,-0.5067671258249399,0.08644755822614808
-0.782045195566949,0.24491443088396592,-0.1358710819543281,0.007422705667769813
-0.2860355796881431,-0.02005773012484653,0.5713179639382846,0.012493923073780278
-0.4134657050667929,0.3277520837796172,0.5794254545241914,0.24425491931840754
-0.8241723080176306,-0.39009944102213157,0.5828975649804549,0.07591568820887401
-0.36936389519432034,0.17983630368638465,-0.3812854261629468,0.1527770196636537
-0.4219339000388716,0.1184639631890412,-0.594823237173404,-0.07729863903645182
-1.24271004946406,0.32217574695712625,-0.1920277522099959,0.15295817715560875
-0.5606106642893222,-0.3339642199557506,-0.016632656854013883,0.6986346155821666
-0.2086646629999837,0.45735933472440815,-0.47632528457340495,0.15202863786871113
-0.6718583869058384,0.5901677798549098,0.1131315075343689,0.27771034682003237
-0.6089402139748074,0.3146555142234999,0.011716256083126764,0.45039891438517465
-0.5645464394372506,-0.29433252253515363,0.15189417057062507,0.16196029576213153
-0.5267212427202366,0.30129160504113167,-1.0202891629280821,0.4593964756440678
-0.1757013501585276,0.35543377040245905,0.32251858811750056,0.4135858474956172
-0.382696929681165,-0.2591670113481652,0.16780156551350034,0.18209643030982517
-0.7337476359361782,0.12273687929977932,-0.2577342539979034,-0.10681297287274552
0.5191695830300256,0.20253875533570653,-0.42740884970881676,0.02243079533931991
-0.23560575854030463,0.5856913864723508,-0.36069062283109893,0.24900199647609056
-0.7037783797582726,0.29219127366016195,-0.19240474903962446,0.3434675728843742
-0.3123128468698707,0.18089484271468975,-0.2523524118857564,0.5721207142167363
-0.8238140075139054,0.592029588935349,-0.49607775959419664,0.43518523002425025
0.6703077994938234,0.4356153405422952,-0.22850710903991725,0.05442331091698832
-0.48239882116348876,-0.2932067260889801,0.07634037483788653,0.0676373848302613
-0.35501206826154275,0.03649553871107321,-0.8002706320439708,0.20185753412185756
-0.8292453834276614,0.21500032761825438,0.08387467963493339,0.409715066188388
-0.20606154501867235,-0.42088775541654544,0.0569710906902485,0.02993766262869657
-0.9705980658568079,0.21377070662146452,-0.15078660980319994,0.016229578680096834
-0.6669824133477589,0.35668179221127577,-0.7562768278143245,0.5343346769509194
-0.7977340934769923,-0.10419442142905547,0.5374231484735477,0.5037043340601685
-0.30072354481973296,0.05736192914751283,-0.07635150622303494,0.4129322103880347
-0.6765694762963148,-0.050225642315279206,-0.11434421247514995,0.04994874415567793
-0.12811899386932613,-0.07354992008931313,0.06903128575366912,0.1684708286657212
-0.39260515240693206,0.5888312039918326,0.04663415639541535,0.4159089249590497
-1.115604033303988,0.004871285898258915,-0.519631518692192,0.16656815119578777
-1.3846705979520033,0.16225172390456089,0.025193448328281236,0.41005351229520304
-0.9645613066045682,-0.5946989122258343,-0.568694095320093,0.5367545031489456
-0.3223021073454915,0.5711966435524514,0.47408923066206743,0.34375626511724866
-0.4037688023335957,0.25266039399405826,-0.4873392979919547,0.22583723410314233
-0.6761585706753737,0.17371726620849004,0.20517724778292284,0.18357785262544307
-0.27420081694475024,0.2001179292479474,-0.30476287070383806,0.4975529231503014
-0.9512017865724862,-0.1363923500342828,-0.48096366485948694,0.430910559616278
-0.27179906578040725,0.39194040671418745,0.07058746547420622,0.6603770498104357
-0.1683644893463837,0.08737900936440639,-0.07950386095622058,0.20853789366052
-0.3407167232118197,0.1668498231762272,-0.24357389617842184,0.09765473676736369
-0.4117072975115663,0.07537100891674633,-0.48523741177626833,0.3204284727478326
-0.2703848367097955,0.06862194338850361,-0.8960225539110565,0.43893126661302306
-0.9973192350831921,0.47339539365765915,-0.38666702338723896,0.24844609083161942
-0.750897649117707,0.12955965189103077,-0.1719096756972172,0.5241438579107888
-0.782208177966206,0.25943124711774385,0.0010629555025530868,0.4680964731570985
-0.527924653617833,0.05430816670297768,-0.4621401601808554,0.43124993773516707
-0.3568075307862042,0.32126815145210585,-0.5582271223756052,0.41528337599400506
-0.48122199556225415,0.12952454441752848,0.559364554032217,0.03405704568811721
-0.26363056455435147,0.6214100963657083,-0.05625493255263109,0.2420327684287162
-0.8309771811801816,-0.21288385671208707,-0.6044680901654267,0.218097089397223
-0.31488733338392355,0.45116445553811735,-0.21091746521812868,0.0517007074454614
-0.7555727055925966,0.5576887730172573,0.33325416485692233,0.4046659462324723
-0.7079994427388181,-0.20834807721705279,-0.9413219417528326,0.3894472041908762
-0.33350846018155755,0.7701846572354336,-0.5091024456583713,0.11305063768665305
0.019068275339852447,0.49732528968398515,0.12614047387465274,0.402967131114175
-0.5239081527592669,0.48523458591124735,0.3454743281007793,0.2170309426794702
-1.0143474317378596,0.07430551680769874,-0.11131616812401568,0.41206177811456207
-0.4422381070016501,-0.0393149172166805,-0.24383991819628137,0.3216556418570822
-0.9664666404795397,0.12349921309451986,0.5641818053092513,0.44401696097392657
-0.21246373496889082,0.025834916184440365,0.146270414180954,0.3363836965340859
-0.3775815745900811,0.5365469970690581,-0.18674469223931678,0.19619575036442283
-0.7932879333606879,0.23166023839838992,-0.2558599039168366,-0.11093806411337848
-0.8629829437042904,-0.1424093418951148,0.3182342812837615,0.4204460311964996
-0.6545114224982884,0.20126292731168435,-0.1199136473215755,0.4890173383010627
0.12381123937391825,0.3447832238309262,-0.024719700399022493,0.322070350709677
-0.5629886671664939,0.4522664511548663,0.06641712571419572,0.04442720486032074
-0.39826858482977223,0.29317967554809155,0.19367380621682756,0.4496665588514194
-0.4724822691109027,0.05114516153142862,0.09024569359109529,0.3226094367289369
-0.4595188756001994,-0.12139148968730516,-0.4162416605595061,0.09129169918822566
-0.705298602059124,-0.024650790061864214,0.0767673251951862,0.5246513261857384
-0.03229227433733545,-0.35920325807449527,0.2836481488992338,0.4289630999864387
-0.5149616651272059,0.2585169357445209,-0.11698035858340883,0.40504253667605594
-0.4957144964823538,0.11873496961189466,-0.05486972449848264,0.5316059251843422
-0.40160099594715,0.021691889850269694,-0.3807372592539596,0.49445553485448046
-0.4144821113747559,-0.5558259433337148,0.13571456682460237,0.37808284919468693
0.048035369503158676,-0.19648149672846976,0.10824634458666899,0.2813381575207249
-0.6867398902476384,0.533816488978613,0.2341268179229151,-0.1318007464099265
-0.5777555281987877,-0.12771218124149858,-0.024975191571624866,0.3247837831450078
-0.49978211890749785,0.20403914630660908,1.0025049101903933,0.42425940129978884
-0.5299558574404496,-0.387704493974412,-0.3816456891002557,0.2718383101814272
-0.6946855765679709,0.5494481918587321,-0.40911397456138066,0.4873277783782947
-0.8466905497164297,0.10384451390340083,-0.1016070745285032,0.06590308907410317
-0.6176996866678169,0.1315552107978052,-0.1543952999986492,0.2642308799418792
-0.6046376353159548,0.7224403110651658,-0.553295848099636,0.2748244566756256
-0.6475109249920042,0.5689003891037427,-0.14125487198435646,0.24818635651610932
-0.5375954260476212,0.032218890206969206,-0.2229182039730471,0.03537291049589686
-0.42459388422158606,-0.0023987518403270625,-0.28582943201290617,0.03488389073402795
-0.5194413007196158,0.10424282215235386,0.0019991115022195832,0.4307839036120962
-0.5408817196569365,0.252827190267085,-0.34648549546176055,0.23207761707562824
-0.6945105203976405,0.1420090264694954,0.210175644894509,-0.02226083883194896
-0.4689730958629369,-0.056260326150876665,-0.5744445000950694,-0.0018347768320750024
-0.561550319336262,0.5910739241340639,-0.16512120205365227,0.23402090896381372
-1.1165925103840846,0.10674081461247334,-0.9086867236773322,0.04553150461957606
-0.5367087954325713,0.6768034125958663,-0.7058549812458119,0.5938219894959353
-0.6184919455824572,0.22845459707553276,-0.602507824613773,0.46278872815794936
-0.682773977839895,0.6388070518877432,-0.21524577058507427,0.12806069290772412
-0.5695324458755977,0.20665489190058156,-0.6934718287499018,0.3517961725916298
-0.4917125677883819,0.44506070154038513,-0.4567322838481028,0.07250572659337207
-0.4612172204546238,0.009570247215228922,-0.004084497618941835,0.1281467811525529
-0.4129420237969976,-0.08467141029624115,-0.06619627043853292,0.4664121862905243
-0.3927375812455586,0.27646490437929827,0.707420315821395,0.2355115167616808
-0.6243712705473551,0.2993325053560283,0.24557830007216003,0.460218078142946
-0.36651125681587693,0.06816222765970731,0.18598932075361593,0.10788538691418972
-0.4732803073154274,-0.2025400917496636,-0.36510691744782076,0.09381034883978467
-0.472683899992542,-0.16316456269653656,-0.10462375616053157,0.22156718213326784
-0.3926619284024786,-0.22034606382637487,0.2860700984207615,0.2127991704512108
-0.5051027053134801,-0.3488136398832637,0.0687491278632463,0.5201856832471604
-0.41070230774018834,0.14251785327468613,-0.6355920793490455,-0.0013304968603284062
-0.3798593065566927,0.5215498546403421,-0.4064572182084525,0.4558817024511466
-0.2830686182029898,0.21449594856407925,-0.7152767543170269,0.4405171888359377
-0.15294523556583334,-0.3167210484716223,-0.18398964728804468,0.2356651918644291
-0.4204066533633501,0.19013369684246756,-0.2134580972026472,0.034990535374617854
-0.5085047961759623,0.1362451239213896,-0.4065682209328577,0.22683475130708017
-0.32394138588789617,0.7285594229630138,0.060448566756144184,0.12337930101350239
-0.710138029384219,-0.2169638779733432,-0.23440464159168867,0.3704517777778602
-0.21638278425434135,0.009404886405955035,-0.009718040601478642,0.3026592470768423
-0.48527828147630375,0.6383615033609613,0.04066300484378581,0.41529755995055573
-0.8925141166931032,0.23977213444475753,-0.4092622696805632,0.3088429625385528
-0.9126508133554171,0.23827077824317375,-0.14828596286607176,0.3780158454508911
-0.295881080596709,0.077154646428434,-0.09791627472718606,0.4915635959456546
-0.9340665307820968,0.2765080775039086,-0.059630045172245544,0.17432753904225023
-0.6482176940438211,0.22977272196535858,0.4333014191690604,0.617997994436974
-0.604630177755035,-0.1863341391418198,-0.16891712151839244,0.09397700612748264
-0.6580886913005886,0.35341103935267026,0.3055917400192425,0.5630605491375712
-0.6402488484801,-0.31489125151764635,0.16429934444227826,0.48533749494938405
-0.2896232404641015,0.15127853215942882,-0.21115217569252395,0.5069547441421948
-1.213557988273147,0.25633517131850114,-0.6118357595834032,0.16449091368111063
-0.3171550190733585,-0.14119826304616317,0.25337427521118094,0.6882124841520616
-0.2055429281451549,0.12609123282743862,0.8618275319634419,0.06593102619945387
-0.5636499516017701,-0.0951747476046072,-0.44051920186407245,0.3298662631901051
-0.6988710736245474,-0.09911896695756717,-0.211379583126648,0.047279807767197035
-0.4176536398246935,0.018218800014223616,0.21813108919512644,0.17870810578752036
-0.7699308430251964,-0.17285157206268412,0.32697678179071965,0.1821493934541233
-0.5116510628122332,0.09300754411170627,0.30195729010573824,0.21430577092904204
-0.002208618001189433,-0.22072891793722582,-0.27310904624774196,0.1759140605806842
0.49867361652058745,0.4743307749295126,0.17796332648404778,0.2913278898467383
-0.41317307874324116,0.03819401786021476,0.18624570092921938,-0.21387088376914992
-0.5831000597396203,-0.027771550200226036,0.21896439879833726,0.3667859682778146
-0.3820613540433011,-0.08959098956719458,0.46484534792666765,0.00032682971279257567
-0.3588155274766719,0.42629376121728,0.7614980727720277,0.37652229289709205
-0.611677758886972,0.1290815824601076,0.36502669509843466,0.3926848744981137
-0.4392819204876129,-0.012258089579751254,-0.1741711098294624,0.2167787141514541
-1.245573252477643,0.296683710140234,0.07621446310277254,0.3569566518287923
-0.7107408731184854,-0.629647778978742,0.012334601915375304,0.7219958937312811
-0.35299555129851184,0.06123586287710659,0.6483937987067926,0.4873799347644469
-0.715402472096894,0.5791368595832895,-0.15667801868700232,0.13800291984740848
-0.8097649149857507,0.13145412113190075,-0.17720491839236652,0.29096031149743445
-0.28293964032553914,0.09478047622516805,-0.38064715219705336,0.5046846838032957
0.2652155579989215,0.3795685236257728,-0.4974402372072445,0.053701508046307966
-0.5285441914217397,0.6175576415735888,0.36503761361799075,0.21335929174671708
-0.37055792067077387,-0.45375350856323704,-0.03639516968222717,0.14572963950410758
0.39104191458444104,-0.27177134843131723,0.17700517667217164,0.3866232423312592
-0.6820615970893091,0.37191912643285685,-0.7652611957560496,-0.28721958457521096
-0.5726100757104982,-0.011067420256687471,0.30664311035408215,0.04213318658237958
-0.5273660720816068,0.400440081523621,0.6180112931172164,0.5751212844364585
-0.921748675730157,-0.05719627624215126,0.28302500680799375,0.48865634157077625
-0.3278236234430241,-0.5213851445796595,-0.1518640867143305,0.6086379081304385
-0.4118938744776837,-0.13637114418538793,0.8093367911888656,0.4645593275146944
-0.46826535715288137,-0.6879649639459156,0.47624190606446404,0.18935882159155693
-0.5917328583732773,6.051736882223269e-05,-0.10718571718812218,0.10434048402310436
-0.6840422870200856,0.07124329691470793,8.439008309890639e-05,0.030552643313444816
-0.15860461062958048,-0.028963253095465213,0.025979740099911885,0.2923240418980404
-0.9578571542010152,0.4848840834733483,0.08677962097092298,-0.041322963469728635
-0.7244672801281975,0.3103070646537919,0.3054492565928239,0.6479097185449834
-0.6465662557477201,-0.02009292420376549,0.3700088859251638,0.0016322643718246765
-0.4813543795262154,-0.5189817543759848,0.2559553037337665,0.0663112123887632
-0.3461085667469089,0.25092552102985827,0.34522118805883323,0.07808426489200476
-0.5308451387478094,0.25438784932933123,-0.10649562200864475,0.00959208226275815
-0.8845137372825777,0.21483751473900836,0.23137061818125024,0.07183414344283748
-0.6648429734344574,0.2499500609304503,-0.4646268345728543,0.4548094906625608
-0.2960429082024631,-0.14618930820332487,-0.4906265380721051,0.19590600634504848
-0.3895653929149197,0.767202176709848,0.4270772995590821,0.2650547169924474
-0.5541201419306548,-0.1606742757630182,0.35211605347108965,0.4555446845131763
-0.3680331573287054,0.252415617519318,0.33651269634777636,0.32427269881946297
-0.37952115524342767,-0.32975619725621214,0.05393694385543728,0.3249444474471551
-0.8489542009710382,-0.09332402870517975,-0.49958172874901663,0.11683043901593651
-0.525620315669176,0.5048104512631206,0.5694673013934068,0.14906402565782276
-0.5592509534246837,-0.03526917698445403,-0.11133542246624761,0.14487195460401123
-0.5524359185241547,0.3458365519906883,0.12519990713386545,0.5406662509667483
-0.3128573588194254,0.1551962681612188,0.25355898484534795,0.3305551307845838
-0.5173044316672238,0.10583695193292511,0.12051962717868542,0.04639379548792519
-0.34719798439951394,0.4560223218889724,-0.8283082343176497,0.2132895292933552
-0.3235752142236461,0.2027874505702092,0.28040576691819574,0.437628736261713
-0.517213654196015,-0.3343781368099913,-0.7278776472868935,0.2939419110092457
-0.07732464407279327,0.003683584371674209,-0.4419787274111212,0.31188938230576246
-0.44364518988753154,0.44015697740168325,-0.034371648979115516,0.3644382698192603
-0.3229390419087468,0.24743288395282576,-0.3270030851612834,0.3255339950842421
-0.6041148325428445,-0.18560918440757881,0.02304245589485371,0.2809393995533023
-0.4468842803061218,-0.09043990572694027,-0.003919552121150582,0.07453032247022631
-0.45128262425793664,-0.010813116390809063,-0.18685984414761747,-0.025636105006252463
-0.7906369268004335,0.07215609575811151,0.3698716578267961,0.5125916223307353
-0.5399319500749016,-0.35805673358747964,0.11452135871880503,0.3939367834497709
-0.05492808968643825,-0.06391969188685936,0.010018382652317637,0.19803622675231786
-0.4086559822530989,0.04525793792475882,0.4285496497491459,0.15694162817324098
-0.6963136930568627,0.28214549983473,-0.12395997438042722,-0.05505942106232248
-0.6116337795844771,0.30616684592796956,0.44860595030001393,0.4939198895457118
-0.7299158850291523,-0.008039356892989576,0.6518510151366104,0.10333109277880825
-1.0789338840438518,-0.13199535481323033,0.43379284309338695,0.5102553992380932
-0.07118587106277652,-0.049725201052150295,0.06303321889626617,0.4424394654000869
-0.49367796377722917,0.010367450495946756,0.3528246284782141,-0.03168783411559303
-0.5801010140164892,-0.22329273263153215,0.16022345899291293,-0.05077269638813148
-0.39558126815861394,-0.16146595887830678,-0.5735502931116784,0.4606739606063214
-1.294064839062155,0.06531624120777269,0.33035409833432905,0.026617762165250247
-0.6105239655411171,-0.43658055907026655,0.3636152806704055,0.2043421000911651
-0.2954458686448129,0.08492773163506875,0.10936136531256777,0.43717562890945766
-0.43493197916983795,0.348167394255641,0.07485899541438823,0.08302773163979238
0.1149200581697356,-0.2800371768498573,0.3875432808188706,0.14893117992955904
-0.3737735181130102,0.22389549249376678,-0.3631585032845588,-0.09893737863238924
-0.5322741539976779,0.15591725268000411,-0.09669182659288189,0.4333484218422868
-0.36268658468288295,0.22128762193029405,-0.6217575544178935,0.11709319412463795
-0.19465002602115827,0.23792719529930462,-0.4612329122090777,0.04049797442745373
-0.40950415740988677,-0.10573138423639677,0.20399977365046257,0.04206047870008173
0.05939201344564432,-0.2096517027745646,0.716619092115053,0.02814433001256167
-0.2762397206517486,0.1608068174834689,-0.2880173130668874,-0.030579352484976938
-0.24729074584007255,0.4913043793753394,-0.14845990261915076,-0.08440809884392475
-0.8680210856809536,-0.3618651802421098,-0.0517662860007794,-0.05416809765723557
-0.2886451814070776,0.13306420196515728,-0.28248665795303857,0.29434004273372033
-0.5315517125169957,0.5290127898211499,-0.2934705588981027,0.4155430139738381
-0.5578101214298686,0.12378772745427805,0.04239382726257196,-0.02282831383390549
-0.43080886894722326,0.24762695659547979,-0.3843149192948667,0.07524333515051812
0.032713956499163865,0.020201150793194234,0.2915395233128355,0.48248521575360825
0.20931867218392958,0.1810956140655212,0.07495774061401683,0.32451375001535265
-0.6250077316712992,-0.13066480722888346,-0.19659286391202915,0.13485062749663873
-0.3309335027547372,-0.4808470382004151,0.09487272685403692,0.11399718198988756
-0.2528128954477835,0.39679103807466515,0.7306537370521032,0.13692203741701686
-0.6286521214162574,-0.1803724103050952,0.4682959398650133,-0.002140763696116821
-0.7258669384539869,-0.09535417320268169,0.3081678258747848,0.054041782563229085
-0.962700054303361,-0.3353998058612837,-0.05833823603374205,0.23649583281123884
-0.2569175076443479,-0.34329520035434585,-0.6284949130782258,0.4218046337019491
-0.42104038979526326,0.22278505161749484,-0.08129920792885759,0.1022289528623325
0.18424196716900787,-0.030822997515760425,-0.1266365196739564,0.27920913233743994
-0.4898881583207892,0.4111927813546997,-0.26527752179211705,-0.10015406559601034
0.0644596345748325,0.28631752916988396,0.587704079917956,0.1427993499010281
-0.5736147276006105,0.25724193572450377,-0.02128145032055695,0.25978453826402736
-0.3526744249062357,0.17293362643871468,0.3421281231602584,0.493491694720673
-0.8675989645066291,0.517708501183806,-0.4031708109279597,0.08822827673342076
-0.5546377396719113,-0.17840158323876432,-0.11080918797296241,0.40577641754363725
-0.2628313026533269,0.11542339310604638,0.43973924437478684,0.11158752804391003
-0.1249620062709445,0.40963636272140536,-0.6287598869636964,-0.10420834676345753
-0.3510907730207504,0.6272463609347116,0.059469082375964655,0.29789948486856355
-1.1183868512779358,-0.21432735872595454,-0.4539184172338323,-0.012886574462711853
-0.49967343549186727,-0.04401370509485046,0.1637827780579407,0.3937229341954392
-0.9377137045758721,0.45221963492772466,-0.06584420306342081,0.23147027494142638
-0.8693195458321955,0.1601154752573653,-0.2699052301306183,0.17012317234874738
-0.42498646298145276,0.127348462955993,-0.18720424655514586,0.10122595869253576
-0.3940441969854509,0.11688970512521027,-0.5677315633368939,0.11996624452484517
-0.3448254093271841,0.13017611660540265,-0.49890508957741786,0.509427145535178
-0.24356034485139388,0.3108251876454747,-0.8985655305871676,0.2803657702867078
-0.40929652853336984,0.23542382232439935,0.052168979046478214,0.12729452537893823
-0.34151083140534966,0.12924882312883046,-0.14231735727092054,-0.07778347446606326
-0.9690715635546172,0.2071182092058936,-0.16772770817058072,0.24934398908416455
-0.6710209469869726,-0.13873550726220066,-0.4727810065581799,0.12402815227777153
-0.3994197775198255,0.2918536424164889,0.7245877055028983,0.3322906250206357
-0.28442159673999984,0.7931552128497552,-0.03171684726731144,0.37914333785503
-1.5697496199933285,-0.27583261123968406,0.10658493620820797,0.12229544661098637
-0.42359171648635896,-0.08421800082750033,0.0720254047418874,0.4369627434140514
-0.3780153835552787,-0.06292940320455143,0.41611675733017306,-0.06772038140292297
-1.0334831404648843,0.24136295512337877,0.18792594278055816,-0.08770098545328092
-0.5702157569599552,-0.021766709380681457,-0.15084662264489648,0.3579940752712088
-0.16442137863705042,0.3290238916703224,0.5535199224277749,0.49549230756995083
-0.45887000313164206,0.4273815527806585,0.6775987672099979,-0.01248026832079191
-0.7096232523975359,0.08175452456294197,0.05335886630540379,0.2851606308883647
-0.2524617173034573,0.35918049563165944,-0.31060037343896385,0.4154210537732718
-0.6207256767576795,-0.37187235156469145,0.37894515926248995,-0.10406815657079577
-0.16675870930073944,0.4495372206289911,-0.6024068946693213,0.0648714006552854
-0.6679862683825519,0.38490116880052194,0.1645414077224079,0.055568901319079045
-0.5134738051021908,0.33829302470325423,0.36051274745318934,0.39651660230169455
-0.5905727718881322,-0.24822670353468265,0.6173909931338031,0.21023565767081334
-0.5541240368108692,-0.20597970754893785,0.09477878881118992,0.42345028482582164
-0.14657324284381995,0.13591424623624615,-0.09537437552997312,0.48357904952265646
-0.7022579380405235,0.2230152137095686,-0.4713352932920939,0.2878159656994494
-0.8769943706987045,0.21965367118434764,-0.026695533265835347,0.6219813930691522
-0.5981320385979393,0.3181046855156534,-0.36959080884734585,0.5078926979092364
-0.42668897312250614,-0.29786874538372976,0.41169719441062425,0.49724289747927075
-0.23497124967350827,0.33263241113437797,-0.41160246094880476,0.4303369678770926
0.651210766205874,0.2564624023618756,0.05000256511810436,0.31381314645810165
-0.6335656343371776,0.34819105145621476,-0.2823093110151854,0.07684418636467463
-0.5869699404730723,-0.24390538692779576,0.7187339461012628,0.5543129540692369
-0.694124809594731,0.12433766066918003,-0.24254450625001323,0.2632465226172337
-0.4720726115652544,-0.5087959793412328,0.023071439491250345,0.38556225108470615
0.6779790863401035,0.2970392421325374,0.14188986567301487,0.23727618135650386
-0.4342509569034344,0.007401864340158382,0.2477811050121425,0.10154579436630273
-0.4403927103413234,0.11790429067669754,0.6870933066954209,0.17889249757326592
-0.5516184215667402,0.004234673882198562,-0.6747939729484069,0.4329279092025891
-0.12762670731859543,0.5014646429483698,-0.4207073277215401,0.46800482868254206
-0.576294516437997,0.23585646236654176,0.2549354432543289,0.42624550710396064
-0.7875684302758877,-0.11143433135280931,-0.3547491204802126,0.10831044654185029
-0.5228999769347461,-0.021092375383466394,0.34531786233662115,0.4648309905361068
-0.8778380158898301,0.3965737617723346,0.04269853909776644,0.4108928909502111
-0.7363188076628253,0.16543102967198992,0.41581024892531954,0.6231400917444985
-1.1792636768066047,-0.095635982360752,-0.6438415390340833,0.5705769340155482
-0.48283563319283473,-0.029464755702875225,0.3157395119988151,0.5153360809229846
-0.4130926952868921,-0.3236592742171335,0.3485678057826135,0.28728051909583574
-0.49560609524064114,0.1942651224734862,-0.680064319278816,0.010197238777236023
-0.5521539270743219,-0.24209357303169593,-0.5027609019018836,0.5608299946589044
0.06431667395388513,0.38013933138449996,-0.2840261401791146,0.11883999967261152
-0.41243850788478265,0.3414461349157465,-0.012354164301388748,0.2123868147996954
-0.5280855237880748,0.7668175456741945,0.2153782056259313,0.3934914410165542
-0.7372485767205114,-0.1985378896911607,0.21618802260684938,0.21268326319649708
-0.12870110981009653,0.008005020162182585,-0.07495403998353757,0.13260264607336755
-0.6332611555776688,0.6938176831017726,-0.013854645121566561,-0.07206709725878802
-0.6968372228877551,0.4036010516423834,-0.18659875021517697,0.4981084060747516
-0.21657730450030932,-0.07370664379860967,0.1611769770628958,0.3036302181589551
-0.45521018709104244,0.22874610250331964,0.5316938665399213,-0.10165865226424725
-0.39170485470610783,0.05581978691692495,0.20283132234714463,0.3698200404660388
-0.45164931970122624,0.1943584618695954,-0.3095549839297631,0.05204301442148032
-0.4444048874037941,0.004732375449006593,-0.19194776765863764,0.4645228722343734
-0.5844072282584964,0.1460551364154367,0.011144530190578553,0.10215522898797263
-0.6538529768879691,-0.3097687629981214,-0.3193944263271563,0.07484116857680723
-0.5106807357887375,0.17228508410154064,0.003269809016903158,0.03286905762785591
-0.7465888323948943,0.23929425221682843,-0.24833014163870612,0.24637823132188924
-0.25040038290712724,0.04482635047724119,-0.5853268192561841,0.2848633341651771
-0.6029717404451898,-0.15169808658803752,-0.014924489359410625,0.3417120512546356
-0.4265727343671299,0.3587287584805985,0.5692043139408507,0.24463148022835612
-0.3733220018590406,0.15085585877993513,0.296799072975636,0.12937922007916067
-0.342069376512184,-0.07629232699074529,-0.15172403705707882,0.055797164312131775
-0.49312507352915536,0.11551589140184745,0.1730714240069083,0.049262023739043204
-0.5125035463591925,-0.2870577308255544,-0.7829633003909604,0.5044776391339972
0.4800729181330279,-0.04841937799603893,-0.32689716086920995,0.06708812769226569
-0.3863749457306654,0.2777033473981668,-0.1638233618037318,0.2533047635726652
-0.3351298117014695,0.4968250002505966,0.015639855257384955,0.09377417282904948
-0.24783323564961324,-0.0013341814171360933,0.27918266584995555,-0.07021940012155065
-0.3100660569927982,0.31060655492911166,-0.3959775394498952,0.009342626554564554
-0.7375526610560068,0.09424536860456117,-0.10600373971841531,-0.08317557951270022
-0.4723131395207864,0.1481314735928897,-0.6125081931483631,0.4861155891187465
-0.8263515600998296,0.17708563640645242,-0.43079636389075715,0.2616059814101857
-0.4414682479680705,0.3379384128725422,-0.46627693835425177,0.2487098609922095
-0.062332719979694584,0.07172575432888612,0.6843509469325577,0.33695147285096516
-0.4894475176919487,-0.27847460744652974,-0.009584189185675829,0.2006133894311452
-0.4577481259486326,-0.22737755411633284,-0.2094185217001444,0.5066661492911335
-0.9645497897407351,0.030992548448289664,-0.08229085887223041,0.5134412337781706
0.015968557899935232,-0.2984473074368716,0.040368149587409696,0.4871804256894842
-0.7405742148760668,0.35256474240508157,-0.6154849244614862,0.2788076981893668
-1.0459259352984192,0.027564602104285726,0.5714334554501271,0.5174048424254059
-0.6278224246981242,0.5177713972897411,-0.33600903062087484,0.408762013827179
-0.9836573498705797,-0.3032023339354108,0.054089221857217706,0.41218939126908144
-0.44316311218358345,0.05165965084215139,-0.0872502051885593,0.12057011374357546
-0.4843111592999224,-0.13838285752211604,-0.11256766280090261,0.3775214181211899
-0.5490079997884251,0.019541471961516094,0.24534369734531103,0.5164367790454961
-0.9405528249972377,0.11286343689730902,0.10222346392145269,-0.0023619064234184917
-0.801589146227474,-0.5993116252006461,-1.1385344583851627,0.5810455215321287
-0.42136694916934625,0.2634596456909848,0.38730476482662857,0.653924151252659
-0.9518857883620665,0.5780060021105157,-0.02468500253091582,0.05030422966048129
-0.48864706094570454,-0.09839511543783455,-0.3990565706417521,0.38750786625760825
-0.6387200688645511,0.2573284968681124,0.5470950177852882,0.513006258295031
-0.6299195960121449,0.2729997209439893,-0.04670467542395302,0.5773008714513912
-0.5797671611545601,0.05889515100849403,-0.24418997766124814,0.0421597782749224
-0.5286059471597664,-0.006309920616183906,-0.23948925260103493,0.17073213359851083
-1.6190000804024303,-0.4328468588225638,0.14626565786032264,0.37261655967086815
-0.6985710182463842,-0.020255936166229505,-0.04763702482730889,0.40424548972184343
-0.2193469022297312,0.05532374390821954,0.23498303149581076,0.18564073902513062
-1.6899608661768626,-0.10314899987080994,0.08673068688875493,-0.14079453761310556
-0.45856463013404836,-0.16134949151444866,0.07478634042631055,0.38193780010053546
-0.45518870918683924,-0.026281779240876116,0.25391687905104815,0.2639171449754301
-0.5573059174032177,-0.03868851734671663,0.55586447400439,0.3235847160271211
-0.5034058341323452,0.18335221904296467,-0.18937901206257068,0.3588105885957702
-0.35112564919997163,-0.19190514280716386,-0.3067734759576988,0.4120780731893352
-0.21632915401918965,0.480599718073658,-0.08947310417004178,0.1465097377453124
-0.7013897110354878,-0.1521332564271329,-0.07011280765553382,0.006804944812852293
-0.5401977649405116,-0.08405689335517272,0.007596589073998294,-0.006756894541963265
-0.6098502315375451,0.6123724745892131,0.31621319690857713,0.06534734630749889
-0.6040301366496751,0.3420616214841551,0.06703927139426363,0.15943268917033498
-0.4541053550668961,0.11542518403349326,-0.0037898879230968685,0.06830818585481513
-0.6592708266186036,-0.10541530622501896,-0.700045306181652,-0.07720884582598767
-0.5439069128803597,0.037553839261338096,0.016368391661495674,0.10191195529633595
-0.09472091078657063,0.13167655492360109,0.35578121023404424,0.3530827345976021
-0.971140248229543,0.1805251164580111,-0.5343175671968262,0.20220694130666686
-0.5312737426516717,0.06174256083763599,-0.36835309193908966,0.6717425662525629
-0.3829398715562911,0.16697000326292674,-0.32115263826328555,0.443274008914027
-0.7521020742280503,0.1486505056677953,-0.6395301279641408,0.25201805242656894
-0.9792912367375353,-0.22593580289664114,-0.4755293643811348,0.11407804471657543
-0.6954807378918486,-0.05484493738519523,0.5308653792856528,0.43914188313299446
-0.10808273381101058,0.23303192765845687,0.6786077852308341,0.03393796451383335
-1.3208670124836575,-0.23600459825409148,-0.37570401987495755,0.0898019282329604
-0.6318461486212443,-0.08265640719367862,0.006009230951280475,0.42833383168600725
-1.0187990110638323,-0.11930833916253918,0.14189498821110752,0.23091616652627978
-0.7598608534212489,0.005670682237434329,-0.1270443497396621,0.25886622621433164
-0.4273793122832562,-0.018769342148352477,0.33621501103674634,0.42836557969519745
-0.6227705453337924,0.4743175676264558,0.4899660625944574,0.4341598225585085
-0.5402426519812477,0.15161986107757497,0.33342660434153604,0.45166097780066256
-0.46985476913811075,-0.27441286361173656,-0.5350554489386049,0.3353502858736028
-0.19025731853272043,0.3819668828362067,-0.3696712906522183,0.2724316317314047
-1.482335574041092,0.05847961959858841,0.5574438229417693,-0.13799301006849551
-0.24730456154298083,-0.36538415243512157,-0.09794657235083927,0.6848707169043857
-0.35844311151863667,0.2842652761345204,-0.46565506053145606,0.1852178851325136
-0.7583948097052604,0.10319609747794711,-0.3129760936317958,0.06787148818216399
-0.3429510453853369,0.34163422220650036,-0.3374981881650245,0.2155907198244908
-0.29741341146258116,0.016092806089882034,0.6091405616701524,0.4701708987137373
-0.6191347788061354,-0.07796414882957402,-0.29832881490571217,0.26609637811782116
-0.10382640896689399,-0.027159015736533593,0.5229893795298801,0.2649030289378046
-0.4951395751483708,-0.00341961727565554,0.3083770818244378,0.20340082116539296
-0.43427633652347436,0.3641373451389519,0.31105031742721023,0.1877248984466644
0.1458464584670207,0.2569928426775103,0.5880929450763466,0.20455316843721633
-0.5939945176451812,0.6364633017783163,-0.21079759332831433,-0.07673484519446847
-0.40389057971294684,0.7218889434733593,-0.8104596981905163,0.22972432465125137
-0.7063987316060157,-0.01938110738044302,-0.17829359973604209,0.3602895715805095
-0.2954557330657655,0.12096766453785658,0.42166788537239946,0.012556269941386866
-0.4589161429293587,-0.1928139402848477,-0.5443385944336168,0.3675839411301851
-0.6122388118405692,0.01060422591109833,-0.12258230847490498,0.11047965544482152
-0.5208053528834222,-0.04567403965464731,-0.43324191775436144,0.38140178662828966
-0.5631584944266115,-0.0859582894570051,0.7471201329553836,0.34698755018023114
-0.8355733281454947,-0.2763810017875264,0.5779446368961476,0.3672894617554516
-0.991988735432134,-0.08248741839014154,-0.13080369375196169,0.4180895298028267
-0.5389196665879092,-0.2893617254011238,0.6130968126437911,0.6691627128401878
-1.0792527429034673,0.24007165429233918,-0.21868746433079334,0.2669384615573882
-0.7467827508313645,-0.22313927707896025,-0.18081419575861857,0.5593152401829413
-0.31994117760602225,0.8199534935103409,-0.14162091307785019,0.4397676450584447
-0.5272924811598768,0.07521964101436604,0.23584509208046509,0.015873271641194397
-0.36583226301553085,0.10170174610776493,0.4161795303707151,0.11447985002862346
-0.5910566630554827,-0.24006184761028154,-0.2178379158251315,0.15748112798014902
-0.13400658677836008,0.5784403063885634,-0.30482635413054937,0.12816520501969988
-0.547994932097027,0.5522648863569908,-0.2647303609728248,0.05044720814175316
-0.8596021715784489,0.23171741069196694,-0.5780492149892688,0.18846809690349348
-0.7733657025764032,-0.2323999371882328,0.2353330710991045,0.43369998488967887
-0.34024619180439303,0.07724378550215998,-0.318942851511128,0.1493909187698643
-0.7074995946612137,-0.07582961349638628,-0.15084813059276522,0.38641701388945665
-0.4640345336251565,0.47651926456912364,0.6325519751005109,0.2591335240854948
0.24931617755182667,0.2469445396883485,0.14889901724520915,0.3680890135447789
-1.490608914381831,0.311743272425112,-0.05665807651703962,-0.24832355206073403
-1.2193547848063457,-0.7539661788241707,0.23646607334658076,0.5155843953386305
0.5143367029053554,-0.3551589052178247,-0.3791100683873648,0.16487945002426857
-0.37765272996189214,0.611144908902671,-0.5374884243531324,0.05132453636594911
-0.8692325336212844,0.5448892635417516,-0.533398436380348,0.12335000670588858
-0.2673086500374145,0.3970896608265483,0.10189967059886385,0.6493137067045456
-0.27007420651344705,-0.24431993284551035,0.31631821833419,0.05818636533395888
-0.4204196906922862,0.2118422417211468,-0.4093519115229609,0.21335279297146303
-0.4651181551401712,0.471129258845296,-0.38621386161275784,0.07502252263137865
-0.6900099779868397,-0.23501847592007322,0.36388490180133415,0.3133056831374313
-0.8946224337460449,0.021413041363968006,0.018206135410188423,0.28118520971418476
-0.4433340399353749,0.09718830210797684,0.13433557450135666,0.27505646609265827
-0.6048279755204097,0.04148478767162876,-0.4184202229043703,0.0371169362116088
-0.4098295065424545,-0.31449691920620093,0.03329678859027431,0.040419771371216495
-0.19951132148036022,0.05878620496920679,-0.5800686383784492,-0.027583733305439423
-1.153816790062813,0.1934806053770312,-0.2699451796140069,0.48043058964292273
-0.4749871777493618,-0.04017375646418169,-0.06802374414046264,0.3853809821282297
-0.6275065148492309,-0.0031394908834152524,0.4991433623604423,-0.08371987612106377
-0.20568188553983197,-0.0965760668326951,-0.14404090959659477,0.5682582444421754
-0.5985092198802864,0.21012202453377352,0.13853390916405672,-0.15338028336451542
-0.4705288671810868,0.19499290572116773,-0.22980681063816205,0.21812046746373592
-0.4950726001135924,0.08982118949301136,0.13532911189280017,0.3665321440864099
-0.5444379321993191,0.00046852530952712357,-0.829798677636445,0.4959416754951428
-0.3936659206927422,0.23971571064785321,0.1682583527925674,0.4209537449507784
-0.40618043492371325,-0.37060673427186946,-0.479087079233128,0.18490008081233197
-0.38308889019370307,0.3430908879418633,-0.5140228881416228,0.5217508690705828
-0.4002356688270301,0.22789134112566567,0.23419524664334318,-0.06611373422327341
0.15594502587330683,0.1247809637895828,-0.287626855975141,0.5145814603156443
-0.5396709935225226,0.5797250684872031,-0.5469603379241054,0.262577063682977
-0.5838063308037904,-0.3129979131932148,-0.38729768804701337,0.5377208675051494
-1.159228778721177,-0.34559153798386677,-0.5504098074998015,0.12154388039011904
-0.23751654313617745,0.10182847369544153,-0.7857005791998566,0.23512892932102142
-0.49198916622805877,0.2826791386537971,-0.15950445533974686,0.29462309672756726
-0.5746938870254464,0.19651152174462666,0.3005503377937574,0.24325426133738978
-0.851350825503042,-0.05803891913678306,-0.09059339274064468,0.27982633203098295
-0.16874644021869795,0.22553902605195103,-0.08181749906895813,0.6047974989352538
-0.5704347279663519,0.4611336040309813,-0.11046721484731288,0.2086317935212226
-0.4768264783201227,0.2508901886996878,0.3022393628133273,0.13688427401566927
-0.7692529221195417,0.017791597388821315,-0.330974582872098,0.17351822872427097
0.02744734097148177,-0.434388749652063,0.00891797011797612,0.09877733503392794
-0.6054554512298367,0.4530808115841082,-0.10017279941920737,-0.11529584972611034
-0.7493218690647355,0.43153835297076215,0.6456696027608952,0.043171875940362814
-0.3093663681514613,0.13231868305124195,0.7566749347294238,0.5195664120012129
-0.15790820861840654,-0.17100189208854388,-0.8495880641045335,0.323287472611098
-0.6202429577975267,0.4881594912970223,0.8188728887019129,0.19136743226429617
-0.5850017402390141,0.1932483856182279,-0.25224041511654305,0.21275454804332317
-0.3917771118662411,0.5471188268322194,-0.06596880591061194,0.3719395012510345
-0.3014988842698231,-0.06389834481242632,-0.040073222627504734,0.396674709231147
-0.5244681762309263,0.12232183158461607,0.07365170443757357,0.4125466159954583
-0.4971574198965757,0.3019815888385461,-0.27495320786820254,0.2742856562885392
-0.4058828864319977,0.18381589752617875,0.16520591625871123,0.44105269157556837
-0.3917696490883678,-0.16527950052849721,-0.20729796766333422,0.2182480044675676
-0.2836718564555243,0.29168230885784546,0.25152665032663707,0.18995026460925996
-0.5057111693383219,0.29013867857482595,0.4601876076299525,0.4039986072294176
-0.8476818377097046,0.07664806154917302,0.1592627156971378,0.1773491774145395
-0.1662306839032623,0.07299924630029252,-0.32371852380073074,0.2798538889050196
-0.23268235819328387,0.19077041462259392,0.02222058543271871,0.02275369048259296
-0.3359109909068497,0.5705881775015778,-0.1790946918200953,0.16717050017533505
-0.909472277770154,-0.03915985890206239,-0.17727733410316113,0.21524198601591088
-0.6523562654791316,-0.09916540420333306,0.09255385313375616,0.4607424979352699
-0.3293106504438643,0.0772376105299009,0.08786855196375498,0.2407849209849049
-1.1089128493961222,0.3817601154056961,-0.43080261760837774,0.010369599961110337
0.08215257897832395,-0.35001373740869945,0.19852502491172636,0.6644903278590378
-0.4719027065943002,-0.10052281095031992,-0.18993507782374294,-0.03169293976649787
-0.34711844018470167,-0.3649805862790668,0.616649847410338,0.4927048593623578
-0.11501071649707406,0.07723579461023386,-0.4042433930585145,0.021364178467888073
-0.5428570048307243,-0.0066278116516189645,0.09275757928655387,0.17098912284966983
-0.5695312937217881,0.0017737948359965866,0.4885743299797783,0.273804608287453
-0.4325551383392998,0.20494096689432237,0.1525849789112071,0.47300340038752114
-0.48427226667413686,-0.04681989244941731,-0.49484352934707054,-0.006142268560830999
-0.5124224185790769,0.26155970954186825,0.7041950836842258,0.5060865396846015
-0.4847198231437416,-0.06267610973812546,-0.020918132075241215,0.27540257124369755
-0.06108924267083671,0.3068304397975158,0.3650620588751918,0.2844565143849917
-0.5519694296612623,0.3005452008477922,0.12493144646306327,0.11780403065122441
-0.7235809599606688,-0.08491524727018308,-0.045971509929856436,-0.03474378117695437
-0.5215076098497904,0.03457762631992833,-0.023598142479705875,0.30066228891258695
-0.5351342570882913,0.39433846394813965,0.0844673146414477,0.094457201809036
-0.8221417170654395,0.2061626464284931,0.14366721725195464,0.15039274083027418
-0.7436138652346763,-0.3364726863411594,0.5268193476358483,0.4295942387072896
-0.32623270009412303,0.15484448076435586,-0.6967332992234343,0.32025389616432454
-0.587431731756816,-0.02459773728991599,-0.7385248124675639,-0.0390841878411278
0.0035431245371267406,0.5603901788738938,0.34465271313104157,0.029800632774619418
-0.7296025634219585,0.4615431314670446,0.060279685582509956,-0.10450344324808425
-0.8909379042667579,0.13537733008413178,0.14010201834511324,0.11404988864233881
-0.3653648873927532,0.049198281990855984,-0.26519372506757366,0.42489440272379353
-0.20383758894468967,0.14574699249174522,-0.6386227428811098,0.00037230253668410485
-0.6255184194174274,0.45705997098966594,-0.5927242276768391,0.4120154741423746
-0.7475365796700006,0.07863722561823452,-0.13662804722234104,0.11806273060283268
-0.6934870735658112,0.1471853727165482,-0.7839965015157507,0.05448722946156104
-0.49973910773661545,0.3980051260841089,-0.384025517182251,0.5649040893124074
-0.5687100262250789,0.03977653350601715,-0.24425724376762953,0.12119776483380368
-0.6195472653512446,-0.012698843105592994,-0.45451397515786135,0.21502616401118874
-0.9585738927969742,-0.14348389156524724,0.01798499713156515,0.5752686667426701
-0.46182684530381557,-0.2646446670446247,0.05753972182792019,0.6520438818151775
0.06914222270498982,-0.34639124067310384,-0.1868760694452833,0.3596239354192051
-0.3436833965616696,0.4832100556007088,-0.3214380892871537,-0.20352066732185384
-0.573443606194208,0.6816759408846131,0.2475375081409283,0.2561048782892904
-0.9097251440429488,0.4386256377329229,-0.040410541506753495,0.5686570289251162
-0.6996896301536074,-0.3889477099711728,0.52420347064507,0.6375107613355447
-0.5137906229664482,0.18393667355094906,-0.2847661923896883,0.06273995430027784
-0.36509291504715247,0.5342347377228198,-0.27266532782165287,0.18240613446327814
-0.3017834589829591,0.0828715255293662,-0.10744572697679364,0.08657444352257024
-0.17218344718047324,0.21742072379561084,-0.2665265571069446,-0.0573670410942419
0.1722685060991762,-0.2719258590326682,-0.33048665192673066,0.26426315902991004
0.23727446943221214,0.4108079495478686,-0.40455756383032765,-0.09863371253956241
-0.08621460241780143,0.09405112164582496,0.10251741752731233,-0.06972220854734519
-0.8860233244427487,0.26346474587291324,-0.23111996695498316,-0.14231050135908968
-0.7877122286893206,-0.33704082926939455,-0.019592444978911792,0.35549063263990827
-0.5170531780545631,0.1988223752833147,-0.5855214564342542,0.10940344662157214
-0.4960766671206492,0.46561749999986013,-0.4765419490512778,0.22341554847963652
-0.895667036397829,-0.005137275208145803,-0.21383567586007884,0.030733876332684595
-0.24544200895597668,-0.23231931779325118,0.37931856591372487,0.641577988876194
-0.3845925851497108,-0.4274717240547198,-0.12477593472431309,-0.05372814750031629
-0.38345604091285074,0.10460678949847602,-0.33155072480606,0.212495866950901
-0.7216310411567587,0.0551365660153286,-0.15904932040355155,0.021655010086726045
-0.6272381281088676,-0.3051312222062885,-0.3314519513040709,0.03874739716728354
-0.6510397043398298,0.26289781184173744,-0.7693316572701491,0.09873099728879231
-0.2875254010769879,0.06537882446996149,0.26958394178995954,0.03945236196405105
-0.4565920514886654,-0.14151004924483426,-0.3727790049947425,-0.046996391710916435
-0.32786880149048314,0.05051007860443946,0.17462928322188714,0.23100982752511143
-0.5952246914590851,0.41853481813430327,-0.15138111631888546,0.28244704470175475
-0.6189490427900519,0.28186164684755133,0.5949612099922725,0.0068980746366211765
-0.5760662782261692,-0.028242928324232662,0.10452982965619714,0.24876859489866182
-0.3293865782966533,0.251419678761004,-0.08822673745937498,0.31194433166398317
-0.3712175761133162,-0.11883101622512549,0.08439194107775072,0.016564855154512614
-0.635093290961029,0.15302998508619647,0.2121113522636002,0.11911597946947444
-0.08149330561962664,0.09836715888678949,0.08372398434421408,0.014730665545297394
-0.7833056884174407,0.09434555051675597,-0.35463710119650765,-0.06327667477025965
-0.18522854938885785,0.22361105923195282,-0.9279480315853519,0.3121431627134946
-0.8434412187483039,0.11786365322293713,-0.1042953097223385,0.49099722443755073
-0.6302833821702395,0.18961445186175302,0.11165396703117542,0.6467503635336372
-0.2810234874842592,0.21962308751093895,0.07794418285161986,0.5768400665102302
-0.7267421374538001,-0.5867686596782383,0.2631885203485068,0.12347428008860875
-0.4091735485665535,0.33780137119890796,0.06980067902878873,0.04914712794543463
-0.5655046673344182,-0.6507204136805399,0.5564461080073301,0.10002939252240761
-0.5014756790966807,-0.13492117482273225,-0.08542611655955407,0.10498354221579775
-0.34702261033885057,0.40399850434274875,0.3604047278695477,-0.06850201191892952
-0.31475031765497163,0.02611056419676075,-0.0013142199668813581,-0.054438797731771765
-0.21006912908364184,-0.20755701421983205,-0.20590019512223817,0.15062531284365202
-0.519666767179937,-0.05408529214877461,-0.1945513637152191,0.05082252117221675
-0.4583283367698548,0.4167059144815698,0.5473722190751599,0.04452997042494114
-0.6987969844769153,-0.44489012901683855,0.5107071099018445,0.3705503133923868
-0.5403922458162563,0.29076408641622664,0.05779279013305558,0.21869201043629316
-0.7614465180407044,0.09296722974368879,-0.21127522832953197,0.4687696758305506
-0.07536911108507327,-0.21411638957924928,-0.41982158487395155,0.1564473148721104
-0.1425157978788642,0.14392925339012697,-0.2472431855151665,0.14639733677456132
-0.3466536495459739,-0.0113598849305373,-0.1879535343819004,-0.06415633678765173
-0.47186123712834316,0.4165970833629195,0.46112642239917573,0.18812118805022335
-0.5629537061202992,0.2515102738642821,0.5779892617603782,0.021322081866365666
-0.5160177774715825,-0.42293757895116646,-0.2554385064081469,0.05724695016408554
-0.38681688323904606,0.0569444262083543,-0.8462970290449333,0.31617685324512346
-0.5198205564434412,0.03388862005905932,-0.6561225399112908,0.09427545593556613
-0.7536695644772119,0.5399100489754629,0.29466674033898804,0.06646288413391582
-0.8578636859740242,-0.33074878915044537,-0.37072791802994437,0.5872984800359164
0.04947833098001442,0.5100984642792457,-0.611970249314665,0.07149284349177348
-0.5839808860797225,0.33308204718150186,0.3038602621426315,0.13648400273211667
-0.0707828290634725,-0.24183988320116834,0.6365994837788945,0.2983558443023827
-0.658866921763023,-0.041643418146968536,-0.18541918695718906,-0.034823869332979956
-0.450372716461404,-0.09183254275697442,0.19820600660875975,0.25592811841568586
-0.6392783437682906,-0.22195592089552355,0.32857599606685145,-0.03156555092144073
-0.5754108724587212,0.06586395350918979,-0.03310721671454471,0.4234984107787884
-1.0546061200474752,-0.20502036157728093,0.18489828863043759,0.08445923788532736
-0.7293343452690398,-0.6038156113346641,0.10655651490619576,0.21680469123866508
-0.010089659130046946,-0.044857806920091024,0.48559661016432654,0.1923229164376767
-0.560877528919974,-0.2946850209691885,0.5917544893948473,0.34962221551561645
-0.37735773323386373,-0.17441816804697594,-0.6884785339746875,0.4526940325664385
-0.4629837795571536,0.007619853814274408,0.34752646461755693,0.508044099007314
-0.5268996023930538,-0.14365344284829745,-0.017957824188266094,0.32738971005889095
-0.4411164376379941,0.6397435072672057,-0.38436712838244486,0.34516767865916914
-0.7969732363589923,0.21412707103442685,-0.9374855723421402,0.2186158420895773
0.23338125046099933,0.23457262776746912,-0.5077672004576887,0.6235006253765811
-0.3230636509117793,-0.08061022476516938,-0.005441294644513289,0.04094647299843064
-0.33432459078563237,0.0011269401168974014,0.38794775074189874,0.09187510842654412
-0.49425217274515304,0.1627547721814074,0.14035804479151315,0.28216704184908115
-0.7481242844644863,-0.1591483076494093,0.11187860417366824,0.2661285215357262
-0.08397053665995546,0.282800048094364,-0.11543172088371609,0.07915803608060384
-0.6102709882617451,-0.06521993070944795,0.09674366155684763,0.04048702940593184
-0.928053923459062,0.010010531022388344,0.41678054812252774,0.15510503813719367
-0.5586001612993221,-0.19468858032075614,-0.145940218633544,0.5911676675316628
-0.2673035006645415,0.17656230868673442,0.057026599699073366,0.17720911600646205
-0.4580279891115703,0.008698861467808627,-0.7908703747573835,0.36722942817740856
-0.3437923300406386,0.1607268423027739,0.42300662953448803,0.22392849095997008
-0.33464806219823884,0.038275292107534796,-0.5806950876203779,0.3563537897839403
-0.6596097014861356,0.05506226035312117,0.43169158378496164,-0.01707121993235472
-0.11607918114375626,0.14597428556732256,-0.1927903729607886,0.5587952192183353
-0.5349231780488485,0.3115390844873636,-0.14586215693206722,0.10945018451567506
-0.47448474647997635,0.11693764613630553,0.21887496406285342,0.09583413999734769
-1.5763244579805002,-0.012699392287792571,-0.4042925936414004,0.07204613048115258
0.38390746438147805,0.11492273976007575,0.005718752528051624,0.42925821593792646
-0.6177597214745012,0.2810947715379777,-0.3615653941837467,-0.11450276599603931
-0.9501909460469297,0.073343120561101,0.1787680061196174,0.41877398306386876
-0.5122939130297287,0.015121677799829647,-0.4717625139407947,0.6564618756471
-0.7543261247454539,0.6319356681551094,-0.012310175986392453,0.3630560232134658
-0.8366940610926539,-0.28121585246279657,-0.5550584804846811,0.34195240349204264
