,X1,X2,X3,Y1
6,-0.004741858292281621,0.10312972034393562,-0.24324415963063128,0.3321495575884787
7,-0.24075802042881278,-0.04232943347069677,-0.49184916634865866,-0.20815931001439725
8,0.24819602924706266,-0.01889284576099634,0.05366957352940549,0.1778412482119115
9,0.219519347862911,0.12169675422666554,-0.7022028704554348,0.300846938870789
10,0.018636109488043645,0.2796087064696213,-0.10565271242651227,0.2645700603701136
11,0.3181458219946124,0.2597268153277956,-0.338369727940207,-0.0002838209556757579
12,0.13194704297671722,0.18925858400746082,0.09100384667556571,-0.03900147915574751
13,-0.2425215696941032,0.38568006123066534,-0.3008567766757785,-0.1175098498257113
14,0.10407401768840001,-0.42156278273201603,-0.11899132831331957,-0.0724524760240964
15,-0.2706292950890367,-0.138888584776883,-5.324543802326387e-05,0.28316801031126415
16,0.24792856352592751,-0.45384592135398943,-0.008585944060085782,0.13656119221815738
17,-0.014090790765424636,-0.04650623789617732,0.2814147198584779,-0.16255643674948295
18,-0.05217444877140803,0.1885539945849498,-0.18624809308250126,0.06825906700377499
19,-0.19218148545819824,0.34153049031564237,0.05006535926378769,0.012935536359011138
20,0.3450427616650047,0.36098430878918036,-0.4878842202206366,-0.00672623461758054
21,-0.04361347756920226,0.03468066009582604,-0.19360694373843423,0.19058495774999912
22,-0.12088868489094222,0.10374671687951062,0.1027260082297322,0.2532481235780252
23,-0.09938406898137478,0.17963473874633804,0.009492673033626303,0.12117884696103792
24,0.15023576351388243,-0.12438162546411843,0.2705754199668564,0.3865510435821972
25,0.10314074887563869,0.024780294323888005,-0.22159200673117116,0.325880948238855
26,0.11648718585561128,0.4037458835616057,-0.43437601210145027,-0.09252220492559579
27,0.121592345353618,-0.026069350846081307,-0.5163585258663261,-0.18350452884135907
28,0.6044458206370776,0.3401196286170505,0.06868843715151209,0.010729871491209235
29,-0.11470414553635472,0.3086826070199242,-0.13626460282595607,-0.07422900871592758
30,-0.14457232675122508,0.10676547813587822,-0.21505248047042802,-0.22219204443485926
31,-0.22967435181116602,0.2749311241665627,-0.41141899053995024,-0.26281750651756797
32,0.173850351207579,0.18810463248125264,-0.04330427550193813,0.011119852441777225
33,0.3186343932927357,-0.009708914758146166,-0.47239086399407865,-0.01913230901772095
34,-0.03215984951199054,-0.046540975275415675,0.17853847855100777,0.08974573036720922
35,-0.2371207433822291,-0.0034829274008809363,0.5949599551598123,0.24953934331487915
36,-0.23269665131452685,-0.08489548967284236,-0.010770295086706932,-0.015025575057624689
37,0.18361942057014047,0.10306945596987148,0.07727306465326587,0.6047526929680782
38,0.2097716156814957,-0.29026662703437,-0.2614748915318557,0.19595671218732796
39,0.1532966148608325,0.2747687101098433,-0.39237587632391424,0.09639066841886224
40,-0.1878294827779126,-0.1560530879661251,-0.36549308976183326,-0.00373238283124024
41,0.06552382445376036,0.09105959214421407,-0.2846939041706257,0.03965988750241102
42,0.03293270547129334,0.012163958009702863,-0.4805168321746122,0.09969347685841012
43,0.0617213626836241,0.7486718155816897,0.3011506217021065,0.5816302184707052
44,0.24594685073285263,-0.27565524125859353,-0.37521984454120183,-0.1380487626472096
45,0.06310627150562911,0.4900298080312404,0.11625420799918437,0.23673370938844204
46,0.1916125069343073,0.2283861637200907,-0.39438680707347684,0.08713631962488182
47,0.019073112728023364,0.21069237939952024,-0.2432338419860704,-0.3626984121052255
48,0.08159933134295148,0.19431874255096285,0.03245600636263951,0.2061802497314139
49,0.17817101635694424,0.19867663844054329,-0.19465666556770717,0.26154382402610604
50,-0.4112589508053365,0.07037249449414926,-0.06415985148375965,-0.12242301528805674
51,-0.09022209378732848,0.5404864287057569,-0.17673929642545955,0.033342285496852524
52,-0.1327551670562846,-0.24316217282582342,-0.4251534275810289,-0.36899239323056604
53,-0.18031306602979016,0.32832745246556516,-0.31892478941803165,-0.03964636792569565
54,-0.07765450476868864,-0.1607415680820395,-0.713419902073767,0.32498462629114977
55,0.4219233020904445,-0.029115713341167065,-0.08694727562866328,0.019890711259802754
56,-0.24436699998898367,-0.24748097255773302,-0.07203269675345282,-0.09799220806214745
57,0.2732810964830471,0.3923485318324532,-0.288538181093939,0.1461900861136433
58,-0.4749631077102552,0.3378446477301295,-0.2853153084641853,-0.2086689836123723
59,-0.09451594962987914,0.18137706979722473,-0.2397418571974556,0.06255199045509696
60,0.04593445250218134,-0.20484466915522775,-0.6884630336758283,0.11741880887913413
61,0.16545188760756918,-0.2667314380832726,-0.22065161332171168,0.005858174098782365
62,0.20073233967486737,0.03351155405187567,0.11868021738735891,-0.08829019632338334
63,0.22390958271364103,-0.2697125235112846,-0.022763563671945625,0.0819018561623615
64,-0.09842208045163846,-0.07353536380681339,-0.24725038431574892,0.20841411416247296
65,-0.13049140700205325,0.23824846958296036,-0.027820992806639848,0.25172273192646
66,0.24214998556369313,0.3737380776996928,0.03352434151958064,-0.16162465677045146
67,-0.05399258944258213,0.7518528200476305,-0.0858860381815886,0.30468214503003593
68,-0.36004208454840275,0.03221716248534734,-0.4632930695647943,-0.0484867966504076
69,-0.31985221089007465,0.4254902482979345,-0.22336340579941394,0.36046142720773033
70,-0.2595007186630497,-0.034071198555932034,-0.44037589883451567,-0.152638511861693
71,0.14031567742796627,-0.11927538126313587,0.027007379739969153,0.48995459997150015
72,0.040197388629213494,0.0634282779757851,0.0016278562513376144,0.052597528746985756
73,0.19487846007332912,0.15510938982424505,0.020640128671290087,0.596144349159855
74,-0.12058523369077376,0.12044791504446684,-0.1381673844864418,0.13791665899180336
75,0.044745294995060934,0.05685707070020883,0.039237457284371696,-0.1644162252203944
76,0.17656289433918465,-0.3539122319494231,-0.10220899894479465,-0.11994533316624906
77,-0.08730811875232951,-0.31395095053754135,0.24717819502256613,0.28015930563791064
78,0.12891751341344296,0.32836333145177854,0.24925258383873275,0.2732449033585076
79,-0.186818022015566,-0.042158977670905345,-0.43737784183235534,-0.016875781315662863
80,-0.10246614808770578,-0.023964317851021183,-0.5048432063047432,0.11070412662239157
81,-0.10773942198161209,-0.014051585516428489,0.2755111916570703,0.17785095437574405
82,-0.3375066353748547,0.23349766478431877,-0.031792852759508654,0.16808484469899754
83,0.13744020288701003,0.06879178310114087,-0.6083017761435043,-0.16763574012328333
84,-0.13248131140598493,-0.26088021194650235,-0.29786120109073533,-0.06349863348089457
85,0.0035262654063276475,0.46106651549323013,0.2018089353246768,0.24889398492058684
86,0.1356830641244659,0.4262624038312595,-0.37429590903360876,0.27162809725468734
87,0.1260262907052299,0.20445916581768986,-0.4131308118069046,0.46213964654328626
88,0.1877943168938155,0.39355577447953044,0.13796217020945667,0.23132884119314268
89,-0.027795954610339933,0.4597913169711001,-0.5241789228391495,0.07514231483783647
90,-0.11946918601072602,0.4595458610900888,-0.49571251222597446,0.1769539401240936
91,-0.022499191459628247,0.22116368425975022,-0.2580567685534308,-0.14787637469311377
92,-0.47622318732943103,0.17355230321124082,-0.10739550831560894,0.045421051375271006
93,-0.40842437644382096,0.1987487050107294,-0.0608044146000388,-0.061286807223882495
94,-0.373310834294563,-0.4431030733055221,0.02534909389405371,-0.1893632136899505
95,-0.28145698519322343,0.063605932338371,0.14987219958658618,0.32398739702155815
96,0.11282988874695665,-0.4625428381986728,-0.012387371898717997,0.26605764149778255
97,-0.25555699754915107,-0.27087903170392746,0.05100524598659421,0.3590093034585565
98,-0.10673033939740949,0.46979587463565975,0.03949242756774281,0.29306305245812825
99,0.36668643073259366,0.1728844717691202,-0.2871595906344272,0.07458498522454751
100,-0.1005498142010492,0.41424267709806445,-0.12667709804332583,0.2851776781774696
101,0.20815198673839744,0.17436449208686305,-0.10539293022181379,0.09973711209077699
102,-0.2634986748172245,-0.27952392094954237,-0.04733795343473787,0.011590218893296242
103,-0.057981468662027365,0.10746250952091517,0.03907948895980029,-0.04786210981026949
104,-0.2681285475585963,-0.025714090064984447,-0.3378920994064697,0.06434213439553232
105,-0.09568666932063732,0.06562093966880261,-0.07095196255493663,0.31202925750131744
106,0.23716354713399532,0.24438001178480762,-0.13504898370127397,-0.05249565477057809
107,-0.4875085939793858,-0.06845157872040178,-0.164383320776528,0.18285886825158992
108,0.12260913309010246,0.2775884419037271,0.45177565373644435,-0.027979142512493033
109,0.0670970757224383,-0.41975989375393985,-0.348200734711852,-0.13736912450631056
110,-0.16768933292604493,0.24922905122666728,0.19188380989912718,0.0185767372896809
111,-0.4081267273519988,0.10488170026360602,0.0393619603353485,0.2881047500323365
112,0.020357401219760873,-0.2051316246094303,-0.12327061015761848,0.2672842014376384
113,-0.14944085802040305,-0.18344230594409525,0.5449004765720894,0.24678048380800505
114,0.06566914344724954,0.03329577649968714,-0.10401951624279603,0.6454794223217774
115,0.006167418966701046,-0.06988294106132208,-0.037482007873103365,0.018961247498600363
116,0.45207650224532925,0.570903981285785,-0.2547249353754715,0.7695129062141257
117,-0.06755430193708405,0.049196723554347704,-0.441206601574622,-0.006870575893625865
118,-0.28886581601770894,0.2221717301480608,-0.062405111323274316,0.11891449975715514
119,0.05059768388009323,-0.5133560479840226,-0.000593461747966012,-0.1939715939039805
120,0.06209054941004393,-0.3006809222470047,0.2102131567849368,0.1725931121180717
121,0.38360897889176937,0.026806022686142475,0.3345760781253796,0.35745505622767487
122,0.23569680752095948,-0.07933266214928728,-0.13313069343992573,0.023150906764815297
123,0.1007211551151433,0.6187718811918304,-0.14062342601615221,0.4202821468506208
124,0.41299386349291134,0.1404459395287038,0.25596018418987276,-0.031927311690087626
125,-0.3355093805447575,0.46006532042650067,-0.06975763633450285,0.03250573210305863
126,-0.1805596495238429,0.28430509264196496,-0.47732583511875903,-0.16532400872338646
127,-0.26151125659412866,-0.07695165903912238,-0.3913749830327835,-0.0053068552813325676
128,-0.11001758938543381,-0.036766525492381616,-0.2853602983939195,0.16969733440577048
129,-0.38854767137280394,-0.05069974023815886,0.1385308997583715,0.008436814410281462
130,0.17926120764200867,0.4737582694509776,-0.16123763426131388,0.004320137182131728
131,-0.06271880605261973,-0.7241452632167171,-0.28429793862368113,0.6776404643377085
132,-0.4151115791960824,-0.3710507668509694,0.21615135342335395,0.16291622134816017
133,-0.2866309708996198,-0.10083449987638879,0.2424636824935734,-0.31240968693674065
134,0.08848427478269474,-0.12067505161407104,-0.2519136951703726,-0.0567078364819046
135,0.23654783397733167,0.11853431122823307,-0.29672413571187434,0.21830752483972402
136,0.5635453946435918,0.23906338544687955,-0.09976892338710872,0.29520201860129025
137,0.822391129508664,0.08296616057531413,-0.06601305688115372,0.15040399061000104
138,0.11696044198608882,0.6083433387285078,-0.05810844193794612,0.11844574933282362
139,-0.27928132563509867,0.7339815954238713,-0.5660017181294036,-0.2899995597580083
140,-0.6017360014173562,0.17627624400742112,-0.2733245891940085,-0.18180449806457777
141,0.07555728331990859,0.1939545144026396,-0.3538636243062171,-0.16467034735207525
142,-0.22943963670061143,-0.14101020016636423,-0.3095996132773094,0.04457644940741798
143,-0.11722795098728458,-0.04012377554635743,-0.25649649539400665,0.10721448314568169
144,-0.17275454274860996,0.14767903492288892,0.2258468592626165,-0.21484464742890513
145,-0.03973597843248579,0.045884437378238135,-0.016770799232437017,0.38280186341279854
146,0.30085589016580283,-0.009276687799877038,0.022883386101567232,0.2591837270901247
147,0.04432444917212152,0.4421860624929809,0.19910964880858356,0.3420632641672034
148,-0.04477214842278748,-0.4320070463289496,0.36192176510822754,0.0909863603209381
149,-0.29229672625329856,-0.2809101430667592,-0.30408449055042597,0.11460981823124493
150,-0.4726525066062769,-0.2622755136982457,-0.1444331229207885,-0.3243437280344782
151,-0.13725263813834623,-0.16217159125139385,-0.12416285558763086,0.2679447579175759
152,-0.015179265744804186,-0.2189844271342698,-0.22494815710282673,0.21891366189666878
153,0.498969973868855,-0.3906386746259194,-0.2524406938772954,0.38495257646152325
154,0.03676790243538481,-0.19495643276805372,0.0087535437693909,0.2014533987910357
155,0.27736252685613594,0.08156585597868446,-0.29609116636006516,-0.13663322416472887
156,-0.14091820600028446,0.7382860883812954,-0.05688032108457261,-0.4460131487049512
157,-0.33443144754982956,0.6792721409316157,-0.4225313838081161,-0.09850708005203368
158,-0.27238878754891394,-0.10321487605324603,-0.2946433969610039,0.07877557719890278
159,-0.20468347058943895,-0.18222893931239084,0.06787641771140861,0.2687517819063224
160,0.6007265777992816,-0.3601733117604704,0.12626753532702145,-0.09283949752030146
161,-0.23182326783470583,-0.5283879727463412,-0.02247091205113247,-0.034898640684812715
162,0.23665018215029865,0.32615703554236514,0.6410773680382996,-0.006568247985005188
163,-0.25483677095732643,-0.3009977861980848,-0.19190738629095241,-0.243438775668043
164,0.26292160018355226,0.16203570215493454,-0.39978980703736894,-0.1316681036499494
165,0.10864626025230385,-0.47088885318493384,-0.4082087836681437,-0.3274057540271621
166,-0.04420854418548094,-0.004228385227895731,-0.2937424717283227,-0.007922841704024908
167,-0.011504571784432911,0.16298383203550282,-0.09257778123056425,-0.01726422134793922
168,-0.18480336622421661,0.1479571615866499,-0.20144282156801485,-0.22611387810981226
169,0.12589675247161847,0.17698905293067402,-0.27616128298542103,0.059782592234758195
170,-0.12841181856394998,-0.36386529384537347,0.2940112695953907,0.29647193853449233
171,-0.3459076466906728,0.3575145418139985,0.1962480405389868,-0.13723154102917268
172,-0.3606774641722676,-0.19981568091457144,-0.09049434897516584,-0.025917552074347053
173,0.04871018253292027,0.07532731968020515,-0.22669387338130415,0.33495827485732343
174,0.4456732797468164,-0.10151519514307045,-0.3679734490298576,0.11337878747112974
175,0.045155076924019315,-0.2679316190066733,-0.04370521618203642,0.0861367782917435
176,-0.03348377219265713,0.2000536046757604,0.06410616955433318,0.29524389732057554
177,0.08066986157823862,0.19009297373838896,-0.6264474120976562,-0.17201731255071784
178,0.3685981270674895,0.218168364703994,-0.22755004149183622,0.28409926009135006
179,0.06191720618107032,0.07328316035167359,-0.19459446395190536,0.1713164945917705
180,-0.11597764597801526,0.6512657405363331,-0.18256918850405635,-0.037226020980871605
181,0.31223231447689964,0.36752366289269006,-0.586468997579594,0.025033365751903278
182,0.12100965499367236,-0.05045771910616162,-0.3928537939351058,0.11100001310371403
183,0.4334425936848955,0.41824095701169434,-0.11722494359863497,0.3292784034471855
184,0.05171499257419952,0.6400127127969717,-0.2676260799926583,-0.17133111153126823
185,-0.34558682223077486,0.7951531266828205,-0.24764870701497518,0.028599126594467984
186,-0.3861410764376418,-0.22734257582565875,-0.20626073141404005,-0.11526206556710727
187,0.4659480338430102,-0.3360990388143777,-0.06434078257780478,0.19649273920052152
188,0.48647711261152415,0.2811453487424017,-0.05290140798931013,-0.015670232791480027
189,-0.05066642997130851,0.013801963343312407,-0.12359663932416928,0.43397810104774104
190,-0.10814849963533983,-0.046214670915733,0.038866212279990264,-0.01583117333584963
191,0.4124693036243089,-0.08008341234165056,-0.17970885502095374,-0.40265978115659157
192,-0.31244595772597566,0.13190614267939882,0.12385639572034303,0.34357139001087467
193,-0.25252240704731704,0.24074430068394806,0.07186210799409903,0.5839377736858667
194,0.1815687100882478,-0.247551899951434,0.09574929360860712,0.11881360802250471
195,-0.1113709917623774,-0.22538942830627678,0.43255721285689563,0.4922881647152606
196,-0.0014455650554035702,-0.029689235308134554,-0.19983726504967944,0.1838875240930778
197,-0.04612914696414012,-0.2126677224438521,-0.08179498576896778,-0.356756309558713
198,0.09527502334745892,0.6737750849036569,0.0008917414712355876,-0.28112252016986805
199,0.397239269592154,0.1289148103232633,-0.4284031298930547,0.12186458664430577
200,0.025566142799265633,0.35146488434096246,-0.31004287356151816,-0.04061926188140859
201,0.18174143691244113,0.13146641805505332,-0.6081422572616872,-0.16438171496213108
202,-0.5786283222091555,0.035294710638332595,-0.13662602100843219,-0.1013820689568816
203,-0.01374999062535232,-0.02992854884233201,-0.29544354371670534,0.187893760869309
204,-0.23798827244315998,-0.9018972972727097,-0.06472206965528549,-0.3124803862415514
205,-0.34399051469136077,-0.2979662797226968,0.12518094586086526,0.19778034145577067
206,-0.24784447630735412,-0.5184379178863281,-0.22167743475536206,0.39322072807695885
207,-0.09430100322125869,-0.6845950175740947,0.19257419476749268,-0.0683441395927262
208,0.25849886022936397,-0.3607210445563265,0.24860086274353024,0.38624104490840117
209,-0.3743531542889103,0.37725993194109464,0.20194593601966995,0.0609556815707933
210,0.008645249419673836,0.18305892811714877,0.24399805587079149,0.21988990018953658
211,-0.13664908752483645,0.23543575375460885,-0.11667556078366052,0.19924180714790132
212,-0.09248049601708765,0.18482745025945782,-0.09162742702520957,0.37080870727166726
213,0.28301237625188264,0.21402889609752823,-0.43627613655036984,0.2568661341273523
214,0.15187448522582186,-0.20935836032864258,-0.49882946344391654,-0.12413776372014398
215,0.37745924971182937,0.34469598830432013,0.3691701081050488,0.3398083409896715
216,-0.04360675960383827,0.3365798604888244,-0.472803086508874,-0.2245687919433516
217,-0.19641868384725586,0.09897775909038725,-0.4974532751159722,0.06292312181132126
218,-0.06318057472255593,0.19926923937331933,-0.15284249224406443,-0.025468465961808413
219,0.06844084523626415,0.1285896590794886,-0.21052375275642754,0.1871999152492717
220,0.049835009508482526,-0.10273776193998217,-0.3694828781098463,0.215415958402761
221,-0.30605120933236174,-0.19164008908021185,-0.1235689133010856,-0.08745426646814515
222,0.02553929521042557,-0.21665444961108202,0.277936226778168,-0.24636713527680942
223,0.06441380003291423,-0.0499821238898455,-0.18959659969413922,0.23295727156112797
224,0.7105168282266654,0.17067199466878594,-0.4037567568058434,0.2261375836381695
225,0.5297094072868639,-0.10638624035590165,0.04550932537820196,0.3012955117561766
226,-0.24081430438043877,0.4160641085412586,0.06568919229148024,0.03245052339277737
227,-0.08110936259468232,0.47392804701329705,-0.43400780694600316,-0.5089169664314616
228,-0.41303312524226937,0.12127120265977606,-0.6866262921527052,0.06543355989612074
229,-0.16671761762584844,0.4434062579293276,-0.32900126414256714,0.08250268639650116
230,0.08907447019518772,0.21351612596252714,-0.31332000488633005,0.17144669056625284
231,0.3403329199209679,-0.27104498527602566,0.07849418166910077,0.0909127204109422
232,-0.20577226544602792,0.5588366351714691,-0.21909187885694328,0.4815285534118097
233,-0.1846223821430265,0.0934337208420907,-0.3728867355222001,-0.15388507204088545
234,-0.6060380238083253,0.25049789944393763,0.017742504171402218,-0.13750355748814294
235,-0.04590985734230488,0.0026883041265558655,-0.7729345481335558,0.1703161039831564
236,-0.2998494947404533,-0.3237909131739176,0.14344362228066537,-0.09277827297633401
237,-0.14942582011244124,-0.4266200578761098,-0.22940138640555727,0.374051236534892
238,-0.2474799460137852,-0.11515627423610472,0.1737609870262552,0.4274587112880862
239,-0.026604100010373333,-0.4101486972951571,0.01188912242839757,0.0800520262524593
240,-0.4960907571996539,0.21025371902152185,0.3433462833742952,0.20942018445296298
241,-0.41405008317038977,0.4599813614248912,-0.06467025907175877,-0.4202691053615436
242,0.6009459807701192,-0.3732272332648788,-0.8673688644936867,0.06923617565100425
243,-0.3633544558538017,-0.044305559201842024,-0.113323083002354,0.19439505592288575
244,-0.3095502074022239,0.16565337583705392,-0.04589138565165775,0.05497698336890544
245,0.5184394970555589,-0.2658555309626226,-0.21987611140823904,0.06210476496720124
246,0.8199087975088203,0.12994399050410094,0.13483400922742672,0.13974219139130087
247,-0.33065596417614407,0.30782951234063327,0.02799705980971659,0.1503273691871166
248,-0.1039323849516698,0.920054588064096,-0.09555676048075223,-0.2155210518284971
249,0.09639859760189969,-0.21175504658205324,-0.5678671710606152,-0.6603350478151255
250,0.4878972926645007,0.2867521212428072,-0.4366191709800723,-0.04419106997780503
251,-0.2785246444744784,0.14366124135596256,-0.33630367088238855,0.31187255031700223
252,-0.06922575348732204,0.5135578313594655,-0.0660141538084332,-0.4187493264812076
253,0.21939111219030907,-0.17778690301105432,-0.5889669592430371,-0.28625063963191466
254,0.12270577874685147,0.026362814786513193,0.13089665168579373,0.09099825191218756
255,-0.10616404167981916,0.14576558378455728,0.10316064162245486,0.46454514503247407
256,-0.03776939379480929,-0.09024482649969084,-0.13509160057472291,0.14468830124321796
257,-0.38804237673971015,0.19668083179172735,-0.7784017046791328,-0.09917421454724426
258,-0.0672207342013031,0.2259774131751781,-0.48885640925718876,0.38569568471914834
259,-0.07518361328001384,0.04498161485499716,0.24235816700538637,-0.07543783131762416
260,0.0655262422283311,0.44605312265693625,-0.24766004815049494,0.4330474415099921
261,-0.15673223566974173,0.4191524136777554,-0.7685205833666151,-0.19528986375878082
262,0.13308421474473534,0.004355494737626406,0.0012466094649111192,0.32446953813698914
263,0.28582286055159484,0.09642607755609017,-0.09742196872270989,-0.044754958862341036
264,0.043867444613880584,-0.02925060255001541,0.11751084443680193,-0.09014564243376932
265,0.09927762665192455,0.21390329012679565,-0.020096740571457758,-0.030997572942944696
266,0.01500224765031103,-0.0652448717565875,-0.08806524935562668,0.014382824018214488
267,2.3818601797611812e-05,0.5469089200111099,0.016537755650778238,-0.05511884212305443
268,-0.20364822744172034,0.17536068556492002,-0.18345052275965945,0.14600888699852546
269,0.08932544908242342,0.014722393015994567,0.35746088363423817,-0.06258935536752994
270,-0.0274575881630249,0.2907639758238468,0.12319289774765545,0.19888783463824783
271,0.5907633149864808,-0.4583044909120275,-0.6028084145140231,0.2406010297193961
272,0.4440542854919199,-0.4723513083094022,0.21516656902354672,0.019280501606675996
273,0.10889902522021319,0.5623331462265492,0.385052035565871,-0.015921990197347385
274,-0.21536070692467296,0.2987017052176288,-0.07159646532370878,-0.1314548478571692
275,-0.31396036621329587,0.18997733314943854,-0.33494930955942104,0.010548667641564882
276,0.33618106895048394,-0.37990881270749893,0.0890393084430855,0.46255642946627834
277,0.07415677114725494,-0.08269519601363828,0.292673904781542,0.3507939922062191
278,0.13551280489309397,0.7604061631135872,0.5443779304062764,0.397076637292505
279,-0.49238152352420766,0.3249430188285074,-0.6212412820961137,0.5918777357918159
280,0.2617546947723764,0.18128239892670878,-0.36590715330172013,0.147750286924101
281,0.12825288069546073,-0.27701789011898736,-0.2531423920697609,0.11713169762488836
282,-0.3134013205667904,0.09218876765037208,-0.0878145624831649,0.4089957205126256
283,-0.13308034387822867,-0.4289210321516953,-0.34997301010208015,-0.24946169882244806
284,0.07442996781478146,-0.008297588859677532,-0.5533653252690668,-0.0772797154858695
285,0.014807915632688608,0.23232845204654312,-0.19708852279151012,0.0820089480359971
286,-0.0824606495007671,-0.30832456158572685,-0.11744249270406912,0.25666689301401857
287,-0.029207910345294543,-0.0952955372119951,-0.07426762000936311,0.0010412949681418635
288,-0.07111658943812038,-0.272326145437346,0.40019669706705197,0.09069194165017841
289,0.043058331720284,-0.1963783965057635,0.02854569833207858,0.3303278126446736
290,0.41530510099570733,0.052662565649917385,0.2946003887408595,0.2618785917385926
291,-0.7243983403213674,-0.45748074412581263,-0.06104491591661562,0.060539153772652045
292,-0.06684720326606351,0.431242292008037,0.30414546000043163,-0.09202975984607384
293,0.04981781099081934,-0.07214483568866903,-0.2292049499782206,0.14605221049040557
294,0.08353957482423513,-0.025704255939206236,0.25633727846151966,0.5144680473082284
295,-0.10496694891459851,-0.5588759579671272,-0.07371694916793559,-0.24798565042270065
296,-0.495806657925289,-0.1511349901970023,0.2725907476871394,-0.018867721727368184
297,0.0925714852612775,0.3479079508981255,0.05642240814865837,0.06964199366980942
298,0.48751700200524956,-0.8959704997525343,-0.3248046070316777,0.2735590809161695
299,-0.4329078767493056,0.024412598688270823,0.40461261712037655,0.4541117599362849
300,0.2438016564521998,-0.008100315245591738,0.4160536901803781,0.09126325262678639
301,-0.09272099574635276,0.07940949303002967,-0.15851806662404455,0.001005153871181802
302,-0.017307816899700852,0.009634169148676763,-0.036034049356379314,0.24983767962432282
303,-0.2971637836641919,0.13492396361282896,0.1929867677964102,-0.17126198082464866
304,-0.09439491141521912,0.21329765641942466,0.1082932565272684,0.047832503927518595
305,0.36691681749519484,0.4160436429573271,-0.1929312970825826,0.0779087279220734
306,0.16444513361984087,-0.026050790530034645,-0.8488005524058881,0.17582314352646092
307,0.4889172754217657,0.34542957959384013,0.0348581280094218,-0.2965591836618368
308,0.332305695470961,-0.24175365901990925,-0.7780836323507541,-0.16064452582043404
309,0.12392520033105568,0.618199588166044,0.35735503123929846,0.014818961717667728
310,0.49219765911926183,0.029047051220839393,-0.3401479432570019,-0.18363400177041794
311,0.12389880575113513,-0.017004627593484034,0.12341689652321143,-0.11512094670080966
312,0.2336864350598488,0.29969030382383843,-0.30310615888877335,0.12236914099412281
313,-0.08370241365271658,-0.2815147290278883,-0.6003234282247485,-0.35434370902704426
314,0.018781493398182015,0.2434064181622531,0.09093692027882327,-0.32712133471342825
315,-0.19683673216604136,0.28792965204165344,-0.21730243170907715,-0.0981275034693163
316,0.2792942560635743,0.15847486986412185,-0.3453245496759172,0.2621269576160744
317,-0.3325573731849388,-0.4404117197066018,-0.15080863789114463,0.41825787498193134
318,0.22080588541090468,0.1719667355073196,0.7530971945938381,0.31014531756310115
319,-0.053808215162099875,0.11046953906138732,0.019491537811252596,-0.3538797237377944
320,0.3305657804262013,-0.31874720531874234,0.09807194102740349,0.1476542538145873
321,0.21192077627529857,-0.2369175752573504,0.24510991314971387,0.035380006801142956
322,0.5138482915682665,0.46029834608635745,0.3573945464749289,0.1258570295180071
323,0.20624948180390318,0.24399655942259613,-0.35286216064076886,0.05255287501729049
324,-0.44368324742905196,0.4245587224867557,-0.6931480940343723,-0.21047033798603026
325,-0.018896463414550792,0.6608070168469385,-0.3362416864972746,-0.1198064434964176
326,-0.33078030626168353,-0.014385023852221596,-0.20842177954575183,0.07583762993226871
327,-0.14627620553045717,0.2369395349809944,-0.32022600098505527,0.41581641929236207
328,0.4265200820857567,0.6309258138750813,-0.24795021524461422,-0.09666052673472032
329,0.17993373296116316,-0.05350996243428698,-0.5485917258415668,0.12300064608288223
330,-0.19726194743654177,0.06384111797585759,0.2792058737189921,-0.4501102242655267
331,-0.28610553164912855,0.2704573085584989,0.048700564659966056,-0.2315052540665655
332,0.009252221991488539,0.09461823095340796,-0.06840379601099497,-0.11457005343281264
333,-0.34335466654185526,-0.2023784028361251,0.004604529571216792,-0.07241942033499149
334,-0.18941862123754197,-0.19584375340304305,-0.015210961117145472,0.21405076827168829
335,0.08805968871894702,0.5191534901010492,0.03706362843979054,0.05161553324757314
336,0.32606836506275594,0.06873632326002943,-0.6138060806854866,-0.27868333107275634
337,0.17181320003411407,-0.07927831743921093,-0.6443429632157137,0.18688276547246024
338,-0.6466798584317958,0.4685620779934665,-0.02717516889671414,-0.16448371328820788
339,0.08590264674194928,0.12489025043874762,-0.2356659296138065,0.04292027246601729
340,0.02033032524505424,-0.3010190253022281,0.12909954104210156,-0.27229732596654815
341,0.11681392078422692,0.26137892627929515,0.408195372887875,0.3260896652767035
342,0.4561493622714557,-0.2590799773532969,0.1518417304094034,-0.026592144042272357
343,-0.5823160415776102,0.2206982098593336,-0.21546634460590633,0.12355930587713358
344,-0.1668294983618251,0.7933715215906973,-0.28194506919532414,0.04797374875835811
345,0.16677386935894445,-0.08072494221845067,-0.34675200593126687,-0.16526762456947147
346,-0.4463797518809293,-0.10611747988456068,0.5339247937434293,-0.03177021314256134
347,0.41656303922578797,0.01746581793755539,0.2979960045210279,-0.1815179058523928
348,0.10396276911311089,-0.24763406319072084,0.15686017259122867,-0.12206305328541112
349,0.23893480507873516,0.20268114450490363,-0.07708923889893748,0.23971677599781893
350,-0.16113972713616054,0.021819371024218548,-0.3986710949560756,-0.22480889933238157
351,0.22967180090055997,0.4273606772288547,0.07711427142108508,0.15931595882461563
352,0.3015590269027799,-0.46157997492546643,-0.5521279352756038,-0.08553104508167103
353,0.0657261007520269,0.4086352435175504,0.05545474037330672,-0.07493676247682571
354,0.06615590720328623,0.11498536398737126,-0.31162530333114913,-0.08167389396406415
355,0.07630006031567116,0.20290124050243652,0.2238808549388359,-0.002700548183972043
356,-0.24366540827091687,-0.1938368372112053,-0.27441507873963866,0.1104543621841271
357,-0.04163761309710394,0.4590962504435505,-0.5842885833143733,0.4402892512432918
358,-0.043047048102750674,0.2855244797019985,-0.1888957001917938,-0.10478377270078434
359,0.10820679315877128,0.3057900121248838,-0.39304970018078733,0.14668396704106576
360,0.28218442061659,-0.34794528924189994,-0.227765458175901,0.1738978950207945
361,-0.29875489809123684,0.34238194365385105,0.03942342248964309,0.07895293776296766
362,-0.03528180167822707,0.31286992036414285,-0.3188578128901032,-0.08149751787475645
363,0.4181171607682443,-0.49304333056302524,-0.055053157161067234,-0.37221377648949283
364,-0.2098658981048055,0.04911990738258197,-0.23479926012720678,0.07529683305774132
365,-0.23206693121122898,0.36666108288773297,-0.24259718521648355,-0.14718704960371226
366,0.05709769062457639,0.11954653083302154,-0.10455522380050347,-0.4629845565064258
367,0.23831423021661038,0.00904068060353197,-0.2975004506400757,-0.019932741565099582
368,0.003224821640684719,0.17618772516719944,-0.48124858329922143,-0.06466738656124635
369,0.37507789533372826,0.574157683098685,-0.021482792213279922,0.1688222407555664
370,0.24181641354013725,0.3973789916379378,-0.09571101525045744,0.10171277522605013
371,0.2375902650619597,-0.5066705925113721,-0.2900809196549107,-0.12615337696988096
372,0.1563905299990792,0.10309633306755103,-0.32929882787502707,-0.13467586695041053
373,0.6569429012622263,0.1414191362804234,0.020596595258336736,-0.42208208770245226
374,-0.05790360904358029,-0.316053719913425,-0.553534957076018,-0.13070274929919665
375,-0.5654621589007499,0.40851107107168105,0.11796617302641481,0.09077982104896162
376,0.45277516416039504,0.37440126272034524,-0.49338120313417166,-0.014258337812930677
377,-0.12917835223562324,-0.4825605168359862,-0.541942020125599,-0.061738064922603836
378,0.030447531930609773,0.37566381194543363,0.017129197167371796,0.511432230062828
379,0.36959975957512614,-0.23069306090157476,-0.3127372453729326,-0.43171862581792975
380,-0.4522121579550792,-0.0906522716350803,-0.14513736112980216,-0.14745611670626735
381,-0.35325743001369625,0.6373863300322066,0.08121044740589879,0.20597134771705697
382,-0.45193511592498237,-0.28529563480156894,-0.49371984060988805,0.2777331049787886
383,-0.2241322808322915,0.026804102395093787,0.26194111488953015,0.348571692427728
384,0.12408040846590918,-0.6358447482683947,-0.04462470622630242,0.1965310607592442
385,0.14794364427096485,0.4575476810233559,0.026760233859253635,-0.22266870911695402
386,0.07797397339189206,0.29013308487647016,-0.5106411886707316,-0.27495770625853494
387,-0.39873060054805853,0.09421499536537117,-0.6183231826030069,0.046136370099391685
388,-0.6519897890504581,0.26112405483257717,-0.07306492648900739,-0.06673674853817743
389,0.01534043112998788,-0.48884595845962864,-0.30089594546889536,-0.19825208271407974
390,-0.133151248456341,0.07532005823895394,-0.4342040665865503,0.23678408626027675
391,0.12965429497429248,-0.005982853414334521,-0.25892539305065554,0.34624653033973607
392,0.19811519667289634,-0.044719206855755374,-0.30787052173094137,0.2617402597351553
393,0.03901643566980511,0.003948559032589588,0.292533169624114,0.14814236224772603
394,0.2145354195511236,0.012910432760822987,-0.5010418499515477,0.2774122109053693
395,0.06469124849019209,0.2740989364012876,-0.44360808311652666,-0.00857441502283391
396,0.1496022949050098,0.24149105196944415,0.03780632495967279,0.02737334643217441
397,-0.19888277066837393,0.2749402431658739,0.11072182417529008,0.2094011884859283
398,-0.0506924521032386,0.1408481410290937,-0.39904569947173424,-0.16600179964216502
399,0.05553690960979421,0.11343626943169892,-0.3114339187783163,0.6065393491658401
400,0.23158105352075176,-0.06232091813289092,-0.00522522308259471,0.22451455354262678
401,-0.11112715549801681,0.6870867101109712,-0.6177741359439151,0.16781305840686528
402,0.14709113182399075,-0.23180432827167147,-0.8493243155262896,0.1569644924924447
403,-0.07502875200903779,0.3523874948535519,-0.05910607151122699,0.3754080427836981
404,-0.03317439888861053,0.5030182049040521,0.10567751909206857,0.278870838014076
405,0.23411849731325182,-0.1882223640525075,-0.43011417948573344,-0.33129768550738803
406,-0.5625094488334238,0.6449159047381503,0.010859395280391943,0.39455481581943286
407,-0.3659086023106239,0.4459758053815232,-0.12540817275100757,0.007656864672405048
408,-0.41832314920974145,0.061940693737156716,0.19413055260042933,-0.0015733824963460562
409,-0.658625868252234,-0.09379082704029038,-0.26251297023808995,0.015090478379459316
410,-0.1914293023613745,-0.18336544723727613,-0.059843811509050736,0.32182159964400703
411,0.21151574533086728,-0.2952075670442088,0.4136261496656086,0.0921474544569311
412,-0.08040397646235288,0.0845925290128654,-0.3223569513454735,0.34566040805102694
413,0.05582309075714688,0.5423394398636345,0.10469560553269383,0.08153859713560838
414,0.30741423723680134,0.08199981166612161,-0.5850976183145082,0.39341599764969243
415,0.37471819987603694,-0.14184491494192233,-0.11180143890608431,0.519604540098052
416,-0.019513077536990095,0.43556893325977203,-0.09109298247246773,0.05518922244155923
417,0.3820279926029859,0.49300034437412643,-0.5222994871572162,-0.03937566056499663
418,0.02600127753843526,0.23579514445356223,-0.5543496186268972,-0.15858504627229908
419,-0.2363422705003824,0.4501045123589077,-0.14089033413511023,0.3096805233466504
420,-0.16776000333841284,0.013073996914031175,-0.0692478695089572,-0.15198247920819224
421,-0.4178577777953708,-0.2849644970484722,-0.13506057643929986,-0.032545636143634094
422,-0.25066159149498574,-0.2364098152414839,0.04764972871289787,0.3673109161195167
423,-0.1010444905767698,-0.5574677745381055,0.14344385063735363,0.018294321337137667
424,0.22679903374044402,0.01598023891409195,-0.07340839055017395,0.22231442655407746
425,0.4856597940314273,0.002335726666007433,0.06819226978786487,-0.17088614558501514
426,-0.39009865114685943,0.06363292228948923,0.09314583737603883,0.2561715656077627
427,0.11086927715121986,-0.47762903474853896,0.4850800474820855,0.3908139771493846
428,-0.29367690322038925,-0.4418643330311136,0.03036813957745617,0.030615847787795525
429,0.1339756695142333,0.42063909459660354,-0.005203478179330576,0.5300158147517668
430,-0.03699711293179339,-0.24236677886661512,-0.10914592690977065,-0.15592733965575725
431,-0.5167439190106772,0.230935120772613,0.2044936105303801,0.23202934866927666
432,0.26199699550733024,-0.3123312846498359,-0.3296234687990629,-0.18557060863312
433,-0.17075178577047762,0.20704124299951382,-0.05125264970842007,0.03318205259614319
434,-0.150684812753914,0.15843135552330112,-0.06551215120205472,0.4329986889967716
435,-0.30192052784859613,0.06787091838830137,-0.3654395426256234,-0.013596268735026465
436,-0.18466100209286782,0.6146864326233829,-0.22607910325181302,-0.16627010468910214
437,0.12076524095910017,0.3293861443866128,-0.35734449986988787,-0.15337320805943178
438,-0.0534111918841065,-0.09618758428980648,-0.014195296789589806,-0.10834731449652765
439,0.09275959947897856,-0.027071404219380174,-0.19705260728398466,0.24364221961693727
440,0.10214666125071079,-0.03898346809228273,-0.5197687650750956,0.45836644373026036
441,0.3727356535385151,0.250805661029859,-0.5318079101593255,0.3773986632140148
442,-0.09674591477049319,0.09290265502005919,-0.5091031567850628,-0.37187603798677094
443,-0.41681952469901024,0.14461744211099736,-0.44986419398295746,0.3290876506482856
444,0.30120647725841954,0.4136393818994487,-0.20080040278505495,0.12043429870887565
445,-0.09355724075864394,-0.1554630819506726,-0.5666389786531161,-0.22335798941974236
446,0.31457591088498077,0.821973827594809,-0.1931627844358967,0.16552108602642038
447,0.1082020654083643,0.05185999819398264,-0.6549377436022855,0.18217620132269935
448,-0.03701147286223155,0.6925768228544181,-0.2258427546764577,0.22058498107937657
449,0.09843642409216072,0.2178545647370797,-0.10270190686858666,-0.33384961212064296
450,0.5506421259498875,0.3088723138949611,-0.042006961638827695,0.15458627600140606
451,0.5861945727302978,-0.07233413575805134,-0.2354045256546399,-0.3724899286058422
452,0.019581716966423083,0.10792817541499466,-0.17412973210978971,-0.0186699656512146
453,0.045211235777784034,0.47145022100313105,-0.24965667000345193,0.09375752514609209
454,0.3037515905595034,0.3424527439616889,-0.2360969598398423,-0.1579540473641132
455,-0.23867431631800723,0.10431229702197234,-0.11703312937257626,-0.04652239615586589
456,0.09400379157864804,-0.12328733182498836,-0.35963290836839695,0.23837410683992605
457,-0.007299375653177896,-0.399897096569163,-0.033869580183729736,0.15552721847218143
458,0.08859557772345891,-0.25985652000242526,-0.394561912505306,0.43862980488566344
459,-0.23520503167780413,-0.3977412413629428,0.069537521509504,0.2161278891710991
460,-0.4486300302443068,0.1431487617447981,0.2618283985539219,0.2996773176670082
461,-0.5850664570705039,0.2577065259850405,-0.22965191316422917,0.18819616133989925
462,-0.31536381469496877,-0.14393838488650193,0.2115216197167354,0.21539323749331152
463,-0.12945377143205822,-0.8016728128509465,-0.24040658869482934,0.26136867658461704
464,-0.0827486413375236,-0.12757667463828193,0.31755389576993187,0.2452483293542951
465,0.5467525466199491,-0.03207382435742326,-0.048930233868097306,-0.06723958894242554
466,0.31214895943715026,0.586241373376583,-0.10757957833042321,-0.08525292152787373
467,-0.27153484733361194,-0.05316848783158046,-0.3923755549845992,0.03952931014716275
468,0.09813515575519711,0.11710414180276235,-0.04917425333123129,-0.0951641420774248
469,-0.11489132877615255,0.39378187482646565,0.047629267293244876,0.25125057559411973
470,-0.08025715032379444,0.23753873497041667,0.04632440014111516,0.1643000998906917
471,0.05230520380684958,0.16647553933235276,-0.20725370840835677,0.24194552827278532
472,0.17475115596181812,0.06445705968670074,0.017471500465311568,0.34126673367679605
473,-0.09575028712287564,0.18413354630869697,-0.29305180540380793,0.0492979975421369
474,0.3002550991480913,0.3603287810091084,-0.0021820547362196296,0.1730104724605658
475,-0.3222938208587397,-0.1867817573908338,-0.44192204782327116,-0.05287796923710583
476,0.0017890990796401887,0.4463306987908303,0.2430846845470497,0.3853713501321029
477,0.7331519092036491,-0.4428971672017661,0.21838272886699328,0.08489998414364841
478,0.06296069346041694,0.15977266548789554,0.07432680046266887,-0.059883790095098755
479,0.4045018976242539,0.46695256486065134,-0.6872241213984077,0.10072705142703992
480,0.025830108173852815,-0.06056097208660288,-0.4401290192531267,0.13083713190800852
481,0.1639150567306944,0.25800635252315696,0.21884886781918406,0.0040223652546790695
482,-0.01602614945574379,-0.07980998447356558,-0.08590380586191726,0.004216449990323862
483,-0.04809481737224756,-0.13290614265709222,-0.0036779118489846455,0.17298318239409163
484,-0.2199964535572304,-0.02867125653660016,0.19926455159233292,-0.21711930295091203
485,0.12144568412218434,-0.2419222626458427,0.02846287339991066,0.18186157150970061
486,-0.24033276759032698,0.05317430470282854,0.2980864777622251,-0.2101866702293857
487,0.18785079963850124,-0.17372531467547403,0.09354980306308805,0.020148452624321883
488,0.3063049185881175,0.1462529779625416,0.33856409308567725,0.24818721017405548
489,0.10344763403032468,-0.15053463876943318,-0.0807407408625124,0.23677533157699227
490,-0.08078913197020393,0.06798240147559301,0.1829581007067247,-0.07094218395882607
491,0.1281245322595107,-0.04356322926061096,-0.20179828465209898,0.04230709602685638
492,-0.08711803860377064,0.38371509052695335,-0.22027220499647804,0.0139406756993327
493,0.26404322997238283,0.22016393686809022,0.12832828718486444,0.10134314210813233
494,-0.516885108942862,-0.024921977684098477,-0.14794132020491368,0.15659212297817723
495,-0.09471981802789356,0.329044974397335,0.10215223799524903,-0.05336860677227548
496,-0.5618748806469245,-0.7289135024857336,-0.21926769466964022,-0.02745640591889809
497,-0.4219570344167436,0.015974276624456697,0.09525899078928862,0.20268204014770497
498,0.3849283254634039,0.3331381843659682,-0.10326986439027164,-0.23271091013855333
499,0.25265165979218046,-0.09282335047742499,0.08764124169174037,0.09106071745636796
500,-0.20306180151357475,0.27264045753382316,0.07432499141480839,0.5650638024578202
501,-0.42405759665014897,0.3366860460013828,-0.6254131461998826,-0.0015189407083204959
502,-0.8366909035189412,0.21238569118800524,-0.30250919398512766,-0.31273993052476645
503,-0.15339292429407342,-0.6559520471652343,0.22409947003682745,-0.18077903899653391
504,0.6831234689430469,-0.768366853996082,0.1497428039936618,0.20892977128220822
505,0.1227391379609616,0.05505054721293847,-0.1724239892266224,0.7255730880709962
506,-0.1579303380768512,0.20738142514200336,0.32178893078830273,0.08735883068994753
507,0.13126145906507616,0.47672588161594553,-0.03242825379462663,0.0779176730970488
508,-0.4405555574467716,-0.08578919651212012,-0.33209125685972024,0.0939296083846731
509,-0.083914769118553,-0.3761153969594877,-0.1469193149228682,0.22890941066711595
510,0.02807592751835633,-0.4712438300255808,0.32732641429534737,-0.267900520873703
511,-0.024300533442667357,-0.6932562954309511,-0.011570066526314288,0.43835498118693006
512,0.22319239402201607,0.023770903018437012,0.48721620618774786,0.02874374448091864
513,0.09727060909377978,0.011016821680433685,0.018174514325230956,0.2394903907185918
514,0.18862434151361243,0.06602094160821477,-0.04602370427219995,-0.09634501224867745
515,-0.19428207930551897,0.4031180650850231,-0.09439899608398844,0.01754186598154773
516,0.2533940556311678,0.4779978939362856,-0.3232762205724638,0.10389328398042412
517,0.4597414297629791,-0.06480607323855378,-0.07015801328904167,-0.03928600135411881
518,-0.2738092029277013,-0.3710536554245355,-0.2726923741413139,0.2289389384350331
519,-0.25053791710469653,0.4531002102751719,-0.3112924560286686,-0.0884548990163665
520,0.37700378859391714,0.08904817273156923,-0.16028406883106383,-0.25034443922391303
521,-0.05400378335579466,0.03515911991679305,0.009407953583233264,0.5151139074039912
522,0.39620616062636665,0.5100066886130359,-0.0015878822718967817,0.38780222396876796
523,-0.12489863478340928,-0.2607808443366819,-0.2348306088467364,-0.24177632913632707
524,0.41066336826648464,0.7902431299500126,-0.05528068952900836,0.20896084398037473
525,0.03710977119149078,-0.24017315121572094,-0.27305596536910914,-0.24541386999284254
526,0.07288095994971039,0.46466080770352003,4.051667159401043e-05,-0.13575706082447922
527,0.4416166638663988,-0.3555036968701588,-0.4247419705553184,0.12631145524395818
528,-0.10210393765628478,-0.13872689433340768,-0.0101217620351199,-0.3093769776610638
529,-0.2656166763195957,0.6818097963828686,0.44003065362208826,0.23553398018320731
530,-0.1266000815073026,-0.04500206370336685,-0.8172230209425102,-0.15907224627741842
531,0.1276640311353636,0.16803756848497794,0.03950592105453167,0.062058960682321654
532,-0.44191048374131875,0.07478816486823153,-0.5701763952403999,0.2579090652944873
533,0.1799159781135822,0.10506829128558959,-0.15809714403557665,0.24002730210546813
534,-0.15205959705080072,0.22275596041867365,-0.24844757349126406,-0.15829027233720458
535,0.32395178617282266,0.09507566413464191,-0.6905998363050185,0.39219354472708134
536,-0.6757417206388848,-0.4698205063062265,-0.0503257995348034,0.020919160790475084
537,-0.22199562394141767,0.013808945885004892,0.025887568454588755,-0.14030851534257222
538,-0.47597869287023264,-0.102571234958206,-0.5988100790438644,-0.0955117568632394
539,-0.23319006713705426,0.07141785560610685,0.1456650202080168,0.6244871681036999
540,0.06989974390687405,-0.5669630502596357,0.20656038145548972,0.5099807641060898
541,-0.05058385172983639,-0.22945684106894038,0.5101608417917316,0.40542091809802894
542,-0.07151177090552263,-0.048147102900806454,0.09034376416357796,-0.09465909079648493
543,-0.04492738682835633,-0.0481807955728393,-0.06582459367192764,0.14402780135266935
544,0.05740308160851764,-0.32479269431281027,0.23586759628363754,0.2676176334856936
545,-0.2846431855859951,-0.1148885922134783,0.445148104625563,0.24920660546832948
546,0.1994970185975489,-0.09283985670581107,0.22045078963358095,0.251407858003283
547,0.1870268834681857,0.1409684860755284,-0.2778582048562334,0.12185800868347449
548,0.1086708065829113,0.38037558885729983,-0.11538306867702437,0.1629169400806443
549,0.1570726731041277,0.12242438586680907,-0.16833472707600255,-0.14004545482611397
550,0.08365924518934394,0.020294356607350586,-0.5801184969465975,-0.40911237648413656
551,0.5743669276056078,0.1836413626077227,0.0026193220705667958,0.09681437811648275
552,-0.024580938373401674,-0.10361120167886456,0.35264659319660685,0.04528167541851137
553,-0.0866693324497811,0.041821628382246345,0.0991652301697527,0.1528791109403203
554,-0.2126711212884252,-0.1875524833140377,0.22907156493018047,-0.44137063090655954
555,-0.2913396474643363,-0.1363748910005867,0.02984377333015545,0.21373386783823067
556,-0.35123228051640654,-0.3356329709982861,-0.05372341348926059,0.5374070482657586
557,-0.25084884233873866,-0.023067350460629035,0.14393251742175237,0.16685083385604282
558,-0.019948408539884794,0.09836758866297579,-0.280043347091369,0.16781561366448464
559,0.09434945935907046,-0.46553899800480214,-0.37014036469158806,0.2699499559320968
560,0.014434028986872837,0.06943335121246928,0.41132159065718926,0.5968201481167784
561,-0.21606010195354444,0.05893025608685302,0.192719097504231,-0.14254355956708498
562,0.2540627119525756,0.16923476104043192,-0.35861700184331025,0.07342616342879785
563,0.20868741398759838,-0.03357249681848174,0.052141466092918226,-0.10839239466268191
564,-0.04505818424739911,-0.19097181464098556,-0.10375893893611843,0.03531167231273202
565,-0.18427515092055965,-0.1620129896547555,0.06831747706768772,-0.04266066647922782
566,0.15478501903465353,0.05866468545038605,0.08346599769570438,0.27180443424297795
567,0.053052542024165754,0.25644048230268474,0.108680456097137,0.4672915918856387
568,-0.4087107838601849,-0.43877631816571977,-0.19586595996586115,0.23429123160295479
569,-0.019186341207074055,0.18865349318303543,0.43298708492748056,-0.07334577146154166
570,0.07395542170487197,0.19250786653967206,-0.11166396776614411,0.5759136472188606
571,-0.25392448006873736,0.02277328198325581,-0.03935322951699244,0.1359379098515628
572,0.05358026471279206,0.25253004808815904,-0.3050155551699652,-0.046715901035427373
573,-0.410600404392163,-0.23367030418162155,0.29438169548791515,-0.33881836487536365
574,0.37711717997743743,0.06614920781479731,0.1183492721707784,0.4628663846930573
575,0.3522139461817567,-0.5501875338643998,0.03907086147008104,0.25186533385621257
576,-0.0712689834199641,-0.36774186914123613,-0.2265065809720643,0.7411047841974255
577,0.10257918035159147,0.48803812736471985,-0.12474356814403478,-0.37536412455326806
578,-0.6801619742189005,-0.22150035361934003,-0.029494186677045342,0.23928800227990968
579,-0.32636065343652215,0.0006501364751835548,0.06976455141921416,0.10985106008505788
580,-0.08291440683567868,-0.6160765927804821,-0.5491886127520049,0.19828180199488082
581,-0.30259241702746636,-0.4545816936486583,0.42620410716027657,-0.017236843019802273
582,0.2016269941088449,-0.012927301525793772,-0.019579118944288515,0.506453515362937
583,0.5637050372306237,-0.2637357197367124,0.23938555947882692,0.26657799500794954
584,-0.3320807071014138,0.2675894010090687,0.0008198043707345025,0.17704490989118432
585,-0.23636066658681476,0.4588982370513669,-0.17223784736063205,0.12539446973148322
586,0.06645154046021075,-0.00046861619014565425,-0.0300938503183088,-0.3156879409975255
587,0.45471179391310323,0.023195059019233952,-0.3095477413269814,0.0737407267241905
588,-0.3449956212070371,0.5201840743566204,-0.342757625978979,0.06099168823152151
589,0.07028646694951753,0.006017941090618595,-0.38163812503584066,-0.352410776481493
590,0.5140325037871079,-0.10577320826063132,0.0933117848330028,0.07255744775967021
591,-0.4661826312649306,0.4045299362162674,-0.36358146839888594,0.4549992636795881
592,-0.36156131742220055,0.6496689425426484,-0.6752364818831396,-0.10932478462497745
593,-0.11955619718456012,-0.5239712567615672,-0.20053091365322795,-0.05970659413534961
594,-0.146927762669567,-0.18156787158595883,-0.0019172799224387582,0.19280317401145372
595,0.22934373144646342,0.37404229634276787,-0.10821100211535652,0.27807840578473586
596,0.06820459519234782,0.13671181890371975,-0.7057753984632895,-0.019499728071111208
597,-0.5009546847501904,0.23250426085762982,-0.3205848092650274,-0.06315681258688771
598,0.14546635208315534,0.047131529005133024,-0.2062127972446309,0.2010173451882019
599,-0.163001124263219,-0.266498420034609,0.09887836606320499,0.02690445222699185
600,0.3596923665637562,0.21728010313361656,-0.15872467195748385,0.6923420664457647
601,-0.1771265558951127,-0.07161757875370475,0.19247818694716845,0.020130220572445554
602,-0.17967449316518583,0.23151572293543862,-0.2270523419175493,-0.06593893269365433
603,0.15272575209500705,0.009042288242025295,-0.3647131827649416,0.187247557950518
604,0.21532381121640998,-0.19187748498360047,0.2590408730401983,0.2703002292409883
605,0.12646888668858725,0.28509767186619306,0.0385295038193928,0.2917038369840371
606,-0.475732913928608,0.9434940997584785,-0.35826707277910463,0.26037183012430054
607,0.1518516250952123,-0.33680565637935467,-0.5646222874026838,-0.15566544475370186
608,-0.29191692360207466,-0.06772610338970698,0.37313075355128544,-0.00931849114173361
609,0.06640292375247328,-0.05640547386758149,0.2772480227284766,0.21652094933647917
610,-0.40182629897854205,0.0862827251990568,-0.26509315767631325,-0.2663896642032906
611,0.12596729575422225,0.11602037391106693,-0.14784761018837847,0.12514699869616422
612,-0.22764965461212072,0.08286826864702446,-0.13018757915225881,0.3250578802383648
613,-0.36200313881665797,0.4422239454835669,-0.3683700783102821,0.2744892858848558
614,0.20146432961613658,0.015135698948384305,-0.31301247998741205,-0.2680292109925389
615,0.06820030575898309,0.19945297585683033,-0.1042198925056496,-0.17446412644857362
616,-0.1732851433724296,-0.4509907233231316,0.07890527930013463,0.5621589301580378
617,0.4095720462746487,0.5243607835917319,0.3908439889187366,-0.030766887091080157
618,-0.12436710617712349,0.08911033446786545,-0.41476642382544415,-0.09705292464917768
619,0.009061878029896853,0.5508780635696575,-0.18949329191952277,0.07659829201895746
620,0.07589652447787058,-0.3086626369119529,-0.19306852414864462,-0.4066891209363521
621,-0.17489081019817426,-0.1427174466983658,-0.09575338247920337,0.41799583769307863
622,0.13297069199446512,0.14675052848464112,0.10489894073470268,-0.01992055239008575
623,-0.15055840261567863,-0.01513982986369282,-0.18607605099383523,0.32793945271988184
624,-0.11617834016040623,0.2099976689003164,-0.3197878184084637,0.14640066456395479
625,0.38458411566694667,0.2871327247550717,-0.419328790059446,0.31884366218114557
626,-0.2936887890420114,-0.44871681258649276,0.11118933533716882,0.1804525478297914
627,-0.6809687021118314,0.5115778999176062,0.06889665907381352,0.29374352608171694
628,0.4546612307033273,-0.06476822133560718,0.05449002334552089,0.0696443739585216
629,0.7195070868616656,-0.304313091779167,-0.18995330337737082,0.3142358405999928
630,-0.11438077563925222,-0.10050960950880727,0.10848122626788902,0.40701953383218564
631,-0.5466415942697328,0.5460810820291434,0.5101717827772289,-0.15994637952092422
632,-0.08762914202604682,-0.6191291181496735,-0.5959944776489854,0.1929532642553096
633,-0.08078185492855637,-0.015721634275042307,-0.26326945178830685,-0.08086461977416119
634,-0.05360296992772514,-0.3630996982445918,0.21130957655007093,0.28155428827139034
635,-0.31423598747685205,0.048074894325826845,-0.12782337023212292,0.10450508615256777
636,0.1635718734637639,0.015395597436565059,-0.12534054669304523,0.18415722151855698
637,0.14803382720674507,0.23198882715059302,-0.24345681348734677,-0.0031793364103164107
638,-0.42177211174667817,0.10263764496237218,-0.14109905037942513,0.25671888261865816
639,0.19733710723664563,-0.04078180658557659,-0.3689692407775482,-0.03264605350523246
640,0.579337542701889,-0.2613769834440116,-0.12235496061808644,-0.3267581362124333
641,0.04853305661244043,0.5017548211118428,0.12625485393641359,0.23389272700060693
642,-0.09520463792696865,0.4884150114214676,-0.5642663870627642,-0.24375743759667
643,-0.040078138639975426,-0.006519635987118549,-0.4856681783824427,-0.5276118360227173
644,0.1736463932075822,-0.03527762331486295,-0.17735241628937065,0.07723166094636583
645,-0.4884544116496657,-0.36037410519737445,-0.41872028244140264,0.20794118691567443
646,0.046396649628928234,0.2570985414473194,-0.033944939304468943,0.19465330776563644
647,-0.11020221173003247,-0.6237521485947986,-0.1876763429387504,0.1197671482373645
648,0.5215190892731247,0.2926747491024609,0.09137605130957571,-0.15262181596395213
649,-0.049157471553467225,0.05396776535883745,-0.2956803074343434,-0.24012483106949045
650,0.47073463226340173,0.9494618560464139,-0.12783400901058398,0.5293877595695495
651,-0.31151317871821016,-0.2414090046428323,-0.685132436889345,-0.3590528500296061
652,0.16574451784714067,0.26829248307676085,0.17392947425810296,0.21607398245130305
653,0.09014562175426065,0.39922869985453735,0.11715934953415039,-0.2626847769005902
654,-0.24527470191385364,0.4652707656020106,-0.38960405568067524,0.20571955417967241
655,0.05006721929694362,-0.06876854138366839,-0.19623539627355818,-0.13214787080269763
656,0.34221407063828213,0.015107473938328925,-0.12365560731215061,0.15118778279166828
657,-0.09138503567694573,0.09651665813291863,-0.019460598475318808,0.19197575849513784
658,-0.4775294271331243,0.30888699944232734,0.2259047017029302,-0.04767152375824711
659,-0.004956827191621844,-0.15546700307102929,-0.11951922656275597,-0.28964344874901987
660,-0.25469450150062495,-0.17767083973621978,-0.4450864283167909,0.15969227045742534
661,-0.09662026073956034,-0.35187540509791576,0.08913016793673259,-0.003970026589579734
662,-0.023026844557072722,-0.012806652514632665,0.35170616476394234,0.1598581805604506
663,-0.4813930886724386,0.14523429972043256,-0.14489265889513364,0.7245348377161085
664,-0.4559937547068436,0.0013177681878412603,0.06957071901734149,0.3916663602516081
665,0.13605566288436718,-0.5821964715144643,-0.26156525592546154,0.2287042795119901
666,-0.1475290011018654,0.1170205651457461,-0.18307542756704434,0.23696708359009774
667,-0.7238581164267845,0.23295920696188385,-0.11863979729984205,-0.1666106859465833
668,0.22150969075720262,-0.18929427063419693,-0.6179370472143488,-0.26691944340926094
669,0.07687201207917857,-0.3449181545522438,-0.06882090675629149,0.39723930758939174
670,-0.20147976430459502,-0.21882567404493414,0.3612398929062927,0.18209752165961365
671,-0.37165428954758206,-0.16194735014625042,-0.4483242434207582,-0.16795015643939043
672,0.235893425966687,-0.16519373433980955,-0.32591767644641223,0.0018981389469198348
673,0.09859863203348046,0.22031331510048846,-0.2662114870527685,-0.07979187022228493
674,0.6724514301154897,0.015284491640673192,-0.21378124890657033,-0.04831081962946662
675,0.11859151910678915,0.28796825353677524,-0.19159299422193155,-0.03575123938067784
676,0.10942301772170308,0.24892331623910388,0.09953286390911847,-0.1607842130583077
677,-0.04711274145228681,0.19391214624609954,0.012650269630177763,-0.35296621620455354
678,0.2305219398028333,0.0868048025446187,-0.07032528848768453,-0.14515493414563896
679,0.17642031176509432,0.28035539514534535,-0.10383393943909572,0.13533472374570027
680,0.3532793862569296,0.04037029931811162,-0.13369038420393997,0.03620714138068608
681,-0.1471350651921234,-0.2591644871146741,-0.319784565549255,-0.06086440403070496
682,-0.12288680322017556,-0.1250312919379842,0.22110734315047695,0.1250086470873718
683,-0.13521921589434918,-0.13786776355141384,-0.30332272863868825,-0.10105464847462813
684,0.22319115204806259,-0.31566371075290467,0.1607480610477261,0.06547836704301344
685,0.42289224792102525,0.11643117719636638,0.3242268462986936,0.21505098288631425
686,-0.12950039880997477,0.05511838274562948,-0.10197215016175148,0.26187491520858397
687,-0.11988559853479624,0.8994536050976991,-0.16513779972063553,-0.051309804860806094
688,0.08864327877669294,-0.4477718416257427,-0.41387693263045344,-0.0809502289694647
689,-0.0693622571220028,0.06917597342116064,-0.568040904425166,-0.04837425771829397
690,0.2687019337022458,-0.183432372709288,-0.05895375288110449,-0.06888881860463726
691,-0.6355281661497262,-0.09084761980157227,-0.041743779160098304,0.1958756267454974
692,-0.2333242921503035,0.23694914119704208,-0.06913483442640998,0.1887249644072494
693,-0.22082451046986476,-0.8427364104071785,-0.04020921505882094,0.05887261416720936
694,-0.6548834147629469,0.024165925265520583,0.2674919848762973,0.37502029259114156
695,-0.2719715559493532,0.46982870044633745,-0.3778733389626793,0.1680681597635405
696,-0.25828819327171354,-0.3578416208580594,-0.3457491970116194,0.3013068684156377
697,-0.056758575913779766,0.011912510301606019,0.08022616653187745,0.5215614276169291
698,0.3141168423097424,0.22033912832350516,-0.07696109251631751,0.36691812823943293
699,-0.06916445373861495,0.0020795591606139127,-0.1607943725694584,0.1465967445528858
700,-0.2909307043885337,0.06781463102563956,0.1450344082687935,0.3839179608327614
701,-0.01607450935850863,-0.5611751060854755,-0.38499827489390065,-0.007053308406232611
702,0.29611249317821314,0.10353336002870242,0.1982428098567047,0.22846360317086345
703,-0.2754487840458892,0.034768109662954974,0.1578029898195582,0.24067803277975783
704,-0.2569952137502488,-0.054666713293428454,-0.5225631054860255,0.12586343219916507
705,0.1576415204430798,-0.0248948552454731,-0.03142316847586392,-0.20484452143898507
706,-0.06252502943025207,-0.20361495036234925,-0.2249870687697772,0.3236929888201304
707,0.1827422098139594,0.007509685900457058,-0.09311117134915257,0.7719143743485408
708,-0.0038515889646918706,0.20264101520910727,-0.31490107114557014,-0.07407926616844375
709,0.19803335497787947,-0.194368491191994,-0.23073174895348014,0.10661807265648449
710,-0.29213426140252124,0.3468545526995131,0.4231532669713029,-0.09905331411888968
711,-0.0034106996220376953,-0.20277272449345257,-0.5540112275640576,-0.03504984536570763
712,-0.05946389059526646,-0.24112758663534326,-0.28147511123704794,0.3178408095348358
713,-0.3431657883988866,0.5781734966982744,-0.2951494378820647,0.038268707960792125
714,-0.4412666728472779,0.3416191295641437,0.04465765519836201,-0.03226096401071771
715,0.1935417097608433,-0.06464545444277667,-0.36289637871645103,-0.24688370696655743
716,-0.0990507031073008,-0.3851463757304417,-0.07518380427296423,0.04022239672292735
717,-0.28852227766616484,0.02430332399570978,-0.018013282521970125,-0.12343034210558892
718,-0.0271449684032969,0.044645828882801816,-0.33186806222554277,0.12572572379811892
719,0.31836530139107533,-0.05460143511895858,-0.17423800559504687,0.700533143035354
720,-0.6437018200583302,0.035405717933246886,0.5046993306848365,0.10192228573437365
721,-0.4224023601026294,0.21502658006356246,0.21285273959938983,-0.27634588154687745
722,-0.26046995430036607,-0.28944422773547507,-0.39717093186005303,0.13393960233120433
723,0.4123943915111669,-0.5085545379526255,0.18556532921820876,0.16413438983677578
724,0.07975566135277615,-0.1875335684476212,-0.06271228843996149,0.5081249709453566
725,0.21656303255075873,0.5091365323652091,-0.4311825704030193,0.10894649597243261
726,-0.3217922043474713,-0.25109029179239545,-0.09048246529619747,-0.22818697452188583
727,-0.3159711152224584,0.12487888776807438,0.28869949371722825,-0.001842597507627386
728,0.12638826732604488,-0.2966373997442082,0.09070097313294398,0.14349304783398883
729,0.01644699892271546,-0.048126793439543764,-0.0740925618693601,0.1445000262523844
730,0.15487276503797212,0.029591699272025374,-0.11591349698631909,0.08501901557589225
731,-0.05296713898001518,0.4699891357259814,0.06436565603610672,-0.024492098805554377
732,0.0785016232005626,0.2793728222949332,-0.22043155443136553,-0.2094858215554072
733,0.04462658562267983,-0.2990813845381056,-0.31839235283880707,0.09095838567852566
734,0.21951242004946,0.28662789659377796,-0.34338738579503975,-0.29174387853452194
735,0.22776519491002295,-0.11104796271367108,-0.202277954386602,-0.057892915678748116
736,-0.45718299153380454,0.02401757794064066,0.20586458474759084,0.21099535947580061
737,-0.6342556476484779,0.2630471395942629,-0.39130761169351735,0.045744776046902
738,0.2827266347212204,-0.27424118792503305,-0.0680376367171221,0.10354526920856583
739,0.3352164326176575,0.007270725825547775,0.10428174962782737,0.23187812758719079
740,-0.28805454190506924,0.0018507688812407774,0.07461762029294933,0.5633470654324666
741,-0.524908830987158,0.06779005908146504,0.10575098720170016,0.15310735940861453
742,0.0279509960607027,-0.23752292061292332,-0.29285111087191196,0.03094589880089421
743,0.2627142184260963,-0.32584630604780757,-0.37091562485464585,0.37666667475142945
744,0.5073423357997381,0.37562121146155264,-0.07577263351425773,0.4315596871515428
745,0.14571674141672586,0.3627468933182597,-0.06037704929166668,-0.03715770821622787
746,-0.10491109910935997,0.7640556532762963,-0.3912599959847897,-0.3209850021049705
747,-0.252071849393218,0.7398390768682505,-0.6097357856806647,-0.0417648475047178
748,0.003231944129561725,-0.24951466264388045,-0.8639654055530243,0.12619858119848376
749,-0.08446268165412196,-0.028641253860962137,0.427409864752895,0.3397382216327895
750,-0.2864866997872285,-0.23665218772951868,0.10874749446338788,-0.033322667636060205
751,0.5782285517783523,-0.1730169805844246,0.19031331755362407,-0.12669822162112204
752,0.50383526184574,-0.22984131713630912,0.20789168013910658,0.1978009016972306
753,0.3206315915542012,0.06732105497895402,0.14175567228503835,0.16390158580321174
754,-0.2598953133846524,0.03344835323515655,-0.18672082255783484,-0.5593348323569612
755,0.24131554459537247,0.1861568608430928,-0.15234300730816971,-0.05000806152456347
756,0.1805243354849637,-0.3720707492340904,-0.28393754969975815,-0.45163206556802815
757,0.12490143237507641,0.40890925864508754,0.6907610100110009,-0.0321648059153771
758,0.3526980571186962,-0.08440094789288413,-0.15393718220570873,0.2599852385870213
759,0.1793233544584126,0.873005563987229,-0.1692889172485445,0.38425061921462156
760,0.2088571958170393,0.12030205101864005,-0.38649769586276467,-0.23991145233877842
761,0.17975662334240025,0.17626539017312295,-0.3912074344185219,-0.14062601543401604
762,0.0961829304653924,-0.17062967951655086,0.17518060726528317,0.006121921680036568
763,-0.5033957466015082,0.6077607032442682,-0.1764493401501269,0.363910587915906
764,0.02360071317869352,0.4133239844570247,-0.2573675434199856,-0.1077996896340149
765,-0.15697629472825567,-0.08799026991004297,-0.03592897492657565,-0.07175909167610144
766,-0.3612146637062242,-0.2720251916196702,0.03201284029549185,0.5927365840822341
767,0.4746658722943886,0.05345113187277065,0.04749008722718157,-0.021719907633677135
768,0.48798131274004836,-0.39494721591799575,-0.12037423325647545,0.28184534719952303
769,0.38361829968598826,0.6832193408834668,0.06794266411352608,-0.10557469881969739
770,0.07202990964822713,0.5171388049203467,-0.5453228496372801,-0.15467118919247902
771,0.38119236296179987,0.2792845451802965,-0.4397789173692073,-0.4760397719151672
772,0.0034018176646784444,-0.5366462416124289,0.122417001336941,-0.3069341988850118
773,0.057236291539103326,-0.006613355399710252,0.12019494322037177,0.21724629462998338
774,-0.3086148251436912,0.2553936696109268,-0.28046811548573625,-0.0923861104695776
775,0.11204445340870037,0.4195100480972821,-0.33633737158256016,-0.002001342934857292
776,0.01704296357934582,0.2187199641222635,-0.030652600559131327,-0.11429737518029288
777,-0.3676527489604764,-0.2948218683679811,-0.0391869827766296,0.14078973744005036
778,-0.014449566891235211,0.15992551547290806,0.16748490186325848,0.0873121067493419
779,-0.022502395648507915,0.16601676191499676,-0.2319843545347859,0.26925370525836484
780,0.5073329216609905,-0.3722859043527638,-0.039251143719645915,-0.3469258639018203
781,0.2523774261266026,0.05950410456460791,-0.08052311260688916,-0.103929757787735
782,0.0032302923325859116,0.3850132097428724,-0.18675864534945447,0.1096997707578487
783,0.07021624359473798,0.11250318685741467,-0.04566959839765927,-0.15205816922075524
784,0.01247823738818979,-0.4150631227988909,0.05591673835593877,0.0542195511576186
785,-0.05726923047873688,0.01957650625288855,-0.1406614392486886,0.12268459126723255
786,-0.30549778373404246,-0.008215994100813584,-0.3087988520835671,-0.025075438640961595
787,-0.04263197926763594,0.0060290875100245875,-0.06926365790238222,-0.0496776958266116
788,-0.21057431336272345,-0.22127170067159618,0.3048312518454956,0.03733303042646684
789,-0.3528815859679816,-0.06487776837792628,-0.44857592534564905,0.4304681619331063
790,0.14428418993683495,-0.03803708313604673,-0.0035536473440278687,-0.0717311440633063
791,0.11042819946825418,0.021767451208219823,-0.4050467647242228,0.13602514895723058
792,-0.504269650855893,0.06029955947693415,-0.2577491756903606,0.24390070098409328
793,-0.034625778937750616,0.016479702012574343,-0.21178353634875188,0.34221382319158744
794,0.28102080896275233,-0.1423956083465953,-0.20502954340932683,-0.039814177858190435
795,0.2989489782703918,-0.4511538304206673,-0.15935598551243152,0.467763764139857
796,0.28952606025636324,0.33136922397158847,0.10850782076747209,0.34234372134474605
797,0.010982630975148903,0.2138122587603835,-0.3753870257992704,-0.05619964771352523
798,-0.23850054347514338,0.21997086755009962,-0.5400376121429807,-0.09442176892107466
799,-0.30585668097760116,0.33103430858108074,-0.015223468736222878,-0.11587843199248961
800,0.09725922899861368,-0.556211515227272,-0.07213902175707859,0.008480369749869716
801,0.10704573036662558,-0.5936863403614993,0.35303918850350324,0.34173814102810296
802,0.3633286400010448,0.19062485972057688,-0.19083193863821893,0.2356580327990155
803,0.3104516831643405,0.12111883257647334,-0.11503085032359724,0.07910478847259754
804,-0.03731942583655569,0.2893930617592857,0.0053347832987226396,-0.21372648014350612
805,-0.35115723202261,0.09744157715362065,-0.4729726881874937,-0.28032725225390054
806,-0.09006273899709795,0.22991342234863033,-0.14078471872523635,0.401171410462884
807,0.061310034275411346,0.1519617619677744,-0.2306101629530954,0.04391647407523058
808,-0.05703476755314727,0.15730628944670783,0.26569252583201003,0.03969866996010471
809,-0.1631013796370408,0.032476287444986124,0.2826351686389121,0.40629636314417517
810,0.07137269896737862,-0.5110719891725514,-0.5049887483069807,0.10302883246181807
811,-0.14223402134391083,0.1979739904715625,0.720909755430061,0.21220757362350273
812,-0.17726161822206407,0.42854531858296846,-0.40406381791288193,0.10149858186154898
813,0.08790258674852505,0.17495840439969088,-0.06293073369664429,-0.028459756115704955
814,-0.11345598355558326,-0.2439354509393446,0.050123757528374974,0.08664774726737728
815,0.06889456400631103,0.2917613866605241,-0.22181204743886146,-0.15737513196703656
816,0.07710747077487591,0.24560188374413042,-0.11534423650443132,0.014099860270374326
817,-0.32158563217522557,0.5163399952156056,-0.23569769336103255,0.17431639658999631
818,-0.13582261895977202,-0.12243013788386325,-0.20321866960974627,0.4332894302245946
819,0.4057895715371886,-0.13994680687094604,0.011433302455542575,0.055263099024144224
820,-0.3279783772244878,0.2051072211845889,0.24662878718585574,-0.30311073548143985
821,-0.5973919028009591,0.2797567143305782,-0.17421790148197341,0.10020298288754631
822,-0.5254760498848778,-0.3781099092238017,-0.26544515855923195,0.49054931469985474
823,0.008215817364203501,-0.10147989035518144,0.3314609369975331,0.37926531713449285
824,0.00872590779395444,-0.024093838931908335,0.08418515655126305,0.1282089848754481
825,-0.03319378500663322,0.09936758037692385,0.0845825641551338,0.3979381510415563
826,0.3426856814620605,0.13434907537726767,-0.30019678147635676,-0.0937183892905468
827,-0.7543648178567277,-0.01175905276829333,-0.40569537599820016,-0.2238786777553588
828,0.11174601066538035,0.624862506464324,-0.22681278488802634,0.006077022743976354
829,0.4406909871071409,-0.5230427082060386,-0.5291372289603022,-0.047301080992164714
830,-0.31829810359865784,-0.029789524634461828,0.32453247219147197,-0.0359160600703074
831,-0.10719432020881518,0.28404717901852083,0.1446287787887362,-0.2206470560869448
832,-0.21249171552561247,0.1533679277459655,-0.26439984606936273,-0.10283030318042816
833,-0.25241488353879515,-0.37376398334844624,0.16828984149034276,0.10473862429913033
834,-0.0920822385945735,-0.37429969941053914,0.3935791362440999,0.19285357626635363
835,0.40288491598400045,-0.5852185598352273,0.12909475365419265,-0.10791136988605804
836,0.5185730352842776,0.0372384157028822,-0.025543829460359213,0.31740682001501036
837,-0.09481347934228046,-0.031933111754146426,0.25515008623596025,-0.14837896609779536
838,0.5376728104031784,0.2165680487918108,-0.09840100936415848,0.25870136110412045
839,0.010040892263324495,0.201875450603104,-0.1674904703413231,-0.49991945828701245
840,0.49495127552608476,0.15779205605207824,-0.27039687256117956,-0.1279378209127038
841,-0.02633205333651297,0.13805966554789018,-0.3797855404412116,-0.05424776448111618
842,0.03698897763720585,0.22786166107311262,-0.5070048913892404,0.41671833675267966
843,0.10314933112651858,0.2371698313763339,-0.05340515252344666,-0.05929726122645927
844,0.8971806660113187,0.21519286478554223,-0.39088998397986385,0.19696520851584826
845,0.24026175346234663,-0.06147547099107127,0.5233545181038941,0.0563907584488674
846,-0.19961411440437402,0.4530142715098899,-0.3261464609249445,-0.19121147300329305
847,0.2734841682900651,0.4616234606183508,-0.6006834553394937,-0.3874548965643283
848,-0.10212145299826537,0.08146409568790527,-0.188706435342042,-0.2841768235505966
849,-0.1382241649329056,-0.16681732506078098,0.22417714032495378,-0.12654564673342772
850,0.25643821812175466,0.19689111162713255,-0.007437981315368542,0.045629294398150055
851,0.008773410528736585,-0.27952974360639354,-0.053570639244074986,-0.13158850637113842
852,0.07862360137511615,0.566622589057574,-0.40510747081411735,0.188987633300905
853,0.003947105445229412,0.3467112612439362,-0.5159619042787027,-0.3095954389888208
854,0.0949952102721875,0.18603593575660093,-0.5090474465648389,0.12664632628724443
855,0.11993983534646988,0.11562696558548077,-0.6291798352184668,-0.06740650624531178
856,-0.5466779720016243,0.06211417668310374,-0.12369694667730126,0.36437391994979285
857,0.18812948662897522,0.3081955934742176,-0.6545956462247894,0.09877381212876923
858,-0.277159292621072,-0.28473445406272924,-0.5500034397382855,0.2827763220397549
859,-0.4070658890113485,0.22360678286281485,-0.09535389060840288,0.12013434869732617
860,-0.016485640407994134,0.17101531280837373,-0.3959824848295355,0.005554305358975668
861,0.023702296514934815,-0.26897636490234694,-0.08316394032759966,-0.03303262513694197
862,-0.19573103557811666,-0.09819267742308727,0.09577614754880621,0.1382585748188364
863,0.23454546536017928,-0.2317435078742267,0.1564320592025146,0.017875570263306217
864,-0.3788074982765754,-0.30147335761037974,0.18395795782336166,-0.09633582432381112
865,-0.11485337180588567,-0.2991450694497612,0.30710045497285476,-0.11463558798786666
866,-0.1650713807048789,0.08532657239905458,0.03715664444021647,-0.324770685564566
867,-0.013148512780561143,0.495251803307694,-0.0660221206761648,-0.2819425642004871
868,0.07870498923887488,0.37020626672571183,-0.2036926416810444,-0.1124184919904375
869,-0.2844616830527652,-0.3631569948033566,-0.2337911248048145,0.2648889818715826
870,0.20441721465768337,0.3008782655044343,-0.026709232791462284,-0.2673130019092289
871,0.017781411944088738,0.31276376249568183,-0.3137838604184967,-0.2542543756344289
872,-0.5339716044878534,0.04858376944772459,-0.4333423011896963,0.5586619335628844
873,-0.5527811438270072,0.10746079330426227,-0.021493889223147822,-0.14794258738628235
874,-0.003476923617732231,-0.7108040409700185,-0.16962625852024596,0.12836674543112453
875,-0.062364495297480706,-0.11936482960991175,0.06897682756901052,0.4121351017234214
876,-0.029188674828945483,-0.21010241017747605,-0.20006497557323533,0.4237752706667349
877,-0.007897601311240189,0.09538617541093054,-0.2877357343960569,-0.25490731682585865
878,0.06366066118444723,-0.35363561891475886,0.08831323460970411,0.04239112531685797
879,0.26745896284166887,0.21179265466155503,0.08091425381969325,-0.2652384028441167
880,-0.31359160740358166,0.37283747812699114,-0.3980192143197636,0.5898605398993981
881,-0.33077025881678257,-0.007674495214086807,-0.07807003293585446,-0.29654599775482476
882,-0.3085731920761537,-0.3764622744431647,-0.22696092261457734,-0.2599477647858734
883,0.08154211360988578,-0.6535817382447611,-0.25814088210197483,-0.0314439474485291
884,0.35136650849097606,-0.14432538705029213,0.4392628082233638,-0.12161271248400513
885,-0.12173866541528502,-0.042594898252675956,-0.15925416337130122,0.4749728509984914
886,-0.7060648141534254,-0.1705616630093936,-0.17540341569825071,0.5498536097498938
887,-0.48092476268347095,0.13411927727270537,-0.01124159350573231,-0.17119606702569087
888,-0.2351113065130798,-0.3811867032880454,0.10920924586791919,-0.16582578876358756
889,-0.1574100682848243,-0.4396302005547724,0.07967332171961553,-0.1322693479786492
890,-0.11526116567426982,-0.18555918763147147,-0.1805856749653773,0.2031143088542091
891,0.010888905593909128,0.280398230748507,0.11387046308979526,0.09174713225342374
892,-0.08798542145214928,0.17675837417438006,-0.3403543027817839,-0.009752019178982385
893,0.2961593409504467,0.043099651276081355,0.2651739737984539,0.15916225341287737
894,-0.19079508455609662,0.19395461934111,-0.11846677989454216,0.14680558771762406
895,-0.24337546777230573,-0.09376714533946023,-0.7127842384091012,0.1701134251021
896,0.13515497028847123,-0.009638066085907771,0.028194797042445152,-0.11572306386423388
897,-0.43341044100067944,-0.004221625559242756,0.36336868259693356,-0.09237233111416526
898,0.10998425815800597,0.012314756369879429,0.2741532262148645,0.30361983455535624
899,0.028943997729212658,-0.018250425943613993,0.3266341404930837,0.01697878530293036
900,-0.041613287255633465,-0.08159387712028274,-0.330221729219381,0.42511999074370144
901,0.4482655571317621,0.2205360952052282,0.15319384050819718,0.19198522354023323
902,-0.17560811112192562,0.19818671541712815,-0.36886835099710313,-0.2462114500325431
903,0.5814862435506827,-0.4852035237364908,-0.13603357526446166,-0.22129770618641545
904,-0.0636244250784777,0.30318082969267435,-0.17721122148410096,-0.2684811500585056
905,-0.3604174901292554,-0.4564922194287379,-0.38824862143809685,-0.0886696742896497
906,0.019733684708838368,-0.12049890296359525,-0.04987798604763355,0.00041287401242973143
907,-0.30375301382402436,0.17204156014068972,0.1677064670745869,0.16659372805200678
908,-0.21217107808290517,-0.002132564159030431,0.011502845268634931,0.44139303200742797
909,0.11205630597235974,-0.4587029575568645,-0.032475273507758404,0.14362975956613286
910,0.15680416860780194,-0.316989955490964,-0.20750434578929625,0.23008638092989625
911,-0.1755968937192179,0.3964090126555413,-0.027596376062775388,0.4048445860402157
912,0.2786793275216075,-0.3605698744108938,-0.45461265602916245,0.12312552998402021
913,0.32668807249451254,0.28700305513112156,0.2702065627236787,0.020330497568980782
914,0.4053732246031106,0.18980951283900155,0.047982547156715905,0.4501911781744379
915,0.14941847631529828,-0.08760586073311719,0.06357188932359606,-0.017274536603038484
916,0.38480597201044436,0.11050212816272806,-0.2364005150452313,-0.12514470151029156
917,-0.5308253088825827,-0.12539923360994382,-0.7934993365157006,-0.26920580140115846
918,-0.08972404451298653,0.48328523453648964,-0.45725686904157037,0.15808998758920972
919,-0.24469838242392108,0.013954900994305214,0.015904293538087533,0.17958541059434735
920,0.033649594564959286,-0.4240206205295132,-0.1993497828210526,0.2637150987040305
921,-0.16128241271318355,-0.15025450101907162,-0.08218570427726538,0.3799966638664309
922,-0.046895396372293556,-0.13961834530091932,0.3563404639657439,-0.255786385769919
923,0.5312137905344599,0.3372105788998492,0.26267265556827957,0.0421901247592171
924,-0.047900701116270296,-0.306310986478165,-0.24634836186141165,0.12159566659752304
925,0.11678627082985027,0.7474690248555131,-0.02816711699064542,-0.06900078616311606
926,-0.06555430766378932,0.040763728889156865,-0.46995993310239526,0.3660090870553493
927,0.02136886593928848,-0.17906126035281925,-0.06368860801098497,0.07176344298373387
928,0.0016981119313065896,-0.13757316681663503,0.35942830406143034,-0.06511707085343954
929,0.1265323052487049,-0.1291898466065955,0.0634566172414675,0.0982352480148812
930,0.3288894350929155,-0.2633552491230804,0.131067830128876,-0.3666830506310556
931,0.46495063725200114,0.157262174319159,0.2964426780355383,-0.09496525001056616
932,0.08738532166507693,-0.09593743956608874,-0.4454012028992852,0.22655450549061254
933,0.16639019005226957,-0.2828287606763844,0.12271359117728368,-0.19495910741902372
934,-0.324813121642431,0.013467987002152182,-0.03913198497822311,-0.2905767123607886
935,-0.02480180663837218,-0.32471053362176994,-0.6967485004603462,0.31115742707236177
936,0.26538167951018415,-0.28022913962844775,-0.4515097107767102,0.2868246793387625
937,0.2444058135807605,-0.1794439515408917,-0.21056602192543725,0.30381239203753807
938,0.05972346642935555,-0.03189501281197152,0.1081089981810695,-0.019877050598704066
939,0.2501705341630602,0.7162319050765132,-0.05728405969199875,-0.0874176348004421
940,0.13851106318264414,0.11545510210287757,-0.3812741547507019,-0.199176728062822
941,0.33876726544296637,0.2556015971981846,0.3079115300070936,-0.16753071271234832
942,0.08166699928349838,-0.33094228493499195,-0.5135634538165836,-0.25246738761530635
943,-0.10039016697573144,0.06023106800667061,0.04562908926438821,-0.11828129213166685
944,0.09478582940917157,0.16779348013667933,-0.05436915041087123,-0.2850148581030919
945,-0.8271134437555296,-0.24573844162488656,-0.3482163295490984,-0.29695815721745267
946,0.10806338215746979,0.35685582579386754,0.019959244600707377,0.1529344175298103
947,-1.0297062333053624,-0.637235773041152,-0.6375118100457671,0.07992347988069676
948,-0.4864200128927524,0.04789744812439535,0.5232781441020221,0.7514880139881046
949,0.12750447021389041,-0.5705119522353005,-0.28077098348132795,-0.1170696542759076
950,0.13477502649137582,-0.11494020268066749,0.6391383372909772,0.5322301245477363
951,-0.3280769523698759,-0.03635315087714211,-0.05389479973091892,0.3235442087668976
952,-0.20097942486238585,0.06464272104105434,0.15986887431645996,-0.03661280410687164
953,0.38681329843570655,-0.1455774524831328,-0.14055319907522135,0.17258483685435727
954,-0.13660977182829023,-0.21684003530735407,-0.039539610532513855,0.35994393315150575
955,0.6330284255462785,0.3836426877136202,-0.13728407496044692,0.21516971314593558
956,-0.0005418478876765676,0.07042170817373686,-0.24521017402621073,-0.13828506199585733
957,0.11516169218706629,0.348928827459421,-0.05581716713442175,0.044526684514645795
958,0.45633696798219675,-0.04161331617399415,-0.4419714765357606,-0.4707020192552015
959,0.03698031027189127,0.3370803878898304,-0.10905949293044115,-0.10387248352996029
960,-0.2828955752211693,0.22631903621418356,-0.395597681859858,-0.11000046632081732
961,-0.03096882024793123,0.00883739978037057,0.3394929879225857,-0.3498983230809518
962,-0.010050561376746281,-0.03420664075202308,-0.12371856090566438,0.14612018571760174
963,-0.3851765283827718,0.5053664504425239,0.28058339716374137,0.4318115769320794
964,-0.07220451499305307,-0.28627474471433,-0.37468606611146327,-0.11368549991155291
965,-0.20947186135772033,0.09287243379301949,0.09275885574194404,0.13125008660690485
966,0.26088520953602107,-0.4616436241575065,-0.4517790314486329,-0.002103351744683929
967,0.009768648533582688,0.030311449007060412,0.006391760062622903,0.030544444559768222
968,-0.0798145822854818,0.611638405685496,-0.06284265835243666,0.0022922766631295333
969,-0.02996815356826503,0.20586401886788203,-0.003852398841995619,0.09306700462072294
970,0.06297262512418056,0.07945794733345549,-0.140071513776724,-0.08089425133293908
971,0.1740859537117853,-0.0898708749742245,0.19083250949455224,0.3131935554896172
972,-0.28215280525768244,0.11030067577708667,0.09309634728547111,0.026622289433887975
973,-0.29397146902660587,0.08824652860026083,0.23412891587505724,-0.09547688140682635
974,0.3117780603229563,-0.2689329816406723,-0.15264960346123033,-0.26712118074757213
975,-0.11637549473471444,-0.1435965277081011,0.5862712823454101,0.2311136858339579
976,-0.39988104533387797,0.27240176944442795,-0.1474208281290485,0.3721107256517695
977,0.12525904692406087,-0.18540191915755944,-0.4029439950104265,0.003389808024124495
978,0.13077872501154397,-0.33009636245559226,-0.2988995687686905,0.5881579453849777
979,-0.43201992683491375,-0.2273858630056747,0.6001874495561049,0.5270368223062846
980,0.06476754801687552,0.23737299995403643,0.19775415672272623,-0.04714091342989345
981,0.2076065762494792,0.011405927573705649,-0.28526714277391413,-0.05152737609074866
982,0.10566459484044848,0.16410041214555396,0.1901198115009217,0.33564235080845856
983,0.1783666773302635,0.42540648030714756,-0.011477000894171446,-0.1362023676491425
984,-0.3963325184991964,0.1455339295598939,0.17037492239872598,0.23377007639739483
985,0.0934307950893382,0.26026946329016276,-0.529041797766268,0.10265325688405452
986,-0.08540959249307092,-0.03541460969832469,-0.27951172935528024,0.05192004464568119
987,-0.13625980930159284,0.09238298728115774,-0.19128962244466496,0.36785342887759975
988,0.24570041286533095,-0.10833077362861815,-0.6050463031860793,0.39659259965965477
989,0.4175015979232892,0.592061639468514,0.2002315857445784,0.13679133302799573
990,0.5064322812673205,0.06943479414879739,-0.4317494979067616,0.09632598878075659
991,0.37108351651759247,0.09440708619321034,0.04384196482983588,0.29163147629643915
992,-0.03097071966482053,0.4268601460923407,0.4136909532120182,0.10956520578431436
993,0.09954963099860484,0.3146265075856625,-0.3760332446596331,-0.1988897592713385
994,0.21642350488965573,-0.3131978298016215,-0.3409164308255152,-0.07673451694316094
995,0.034200540265196394,0.41575850121926283,0.07192733799347815,0.12071542153148448
996,0.03690610296484311,0.14998187357942228,-0.05556249779791311,0.10508696624873537
997,0.23249116128950773,-0.20474597270326444,-0.3002099968693427,-0.3056012523000288
998,-0.016731579748282488,0.40351264724569,-0.15383318193498335,-0.27390934406801887
999,-0.2058295867896807,0.3475972562443163,-0.033530130945170766,-0.135806977016859
1000,-0.11697840125952366,-0.26943154786241214,-0.16773623764751086,-0.2286358949567279
1001,0.17891107683817664,0.44375323952198364,-0.4570425138253349,-0.06311561345339663
1002,0.0008448086207215472,0.19068793220307964,-0.5889398673415365,0.28234269787170096
1003,0.09601883081676135,0.15437084962245937,0.1678449279754708,0.07692218009475715
1004,0.18911916100489773,0.492372118207815,-0.07428753188647838,0.03894816812587207
1005,-0.1057930144800011,0.15981470260221886,-0.502084588357175,-0.19329016248678887
